{"type":"FeatureCollection","features":[{"type":"Feature","id":0,"properties":{"id":0,"nome":"Plano Piloto","roman":"I"},"geometry":{"type":"MultiPolygon","coordinates":[[[[-47.8595,-15.68823],[-47.86061,-15.68875],[-47.86187,-15.68958],[-47.86273,-15.69001],[-47.86357,-15.69039],[-47.86699,-15.69202],[-47.86875,-15.69288],[-47.87074,-15.69388],[-47.87322,-15.69511],[-47.87463,-15.69585],[-47.87547,-15.69389],[-47.87559,-15.69019],[-47.87576,-15.68511],[-47.87587,-15.68174],[-47.87594,-15.67958],[-47.87843,-15.68295],[-47.88151,-15.68449],[-47.88344,-15.68546],[-47.88741,-15.68745],[-47.89261,-15.69005],[-47.89514,-15.69131],[-47.89685,-15.69216],[-47.89904,-15.69326],[-47.90211,-15.69479],[-47.90547,-15.69639],[-47.90701,-15.69484],[-47.90839,-15.69347],[-47.91026,-15.69373],[-47.91077,-15.69445],[-47.91154,-15.69492],[-47.91315,-15.69592],[-47.91468,-15.69392],[-47.91721,-15.69778],[-47.91909,-15.70119],[-47.92007,-15.70297],[-47.92053,-15.70494],[-47.92182,-15.71041],[-47.9221,-15.71243],[-47.92276,-15.71569],[-47.92286,-15.71683],[-47.92321,-15.71776],[-47.92344,-15.71877],[-47.92274,-15.7193],[-47.92249,-15.72027],[-47.92243,-15.72143],[-47.92181,-15.72202],[-47.92189,-15.72321],[-47.92214,-15.72417],[-47.92162,-15.72489],[-47.92102,-15.72555],[-47.92047,-15.72622],[-47.91939,-15.72644],[-47.9186,-15.72685],[-47.91786,-15.72733],[-47.91693,-15.72761],[-47.91615,-15.72807],[-47.91508,-15.72826],[-47.91397,-15.72815],[-47.91316,-15.72858],[-47.91208,-15.72844],[-47.91096,-15.72856],[-47.9099,-15.7284],[-47.90879,-15.7285],[-47.90823,-15.72783],[-47.90714,-15.72797],[-47.9063,-15.72759],[-47.90519,-15.72769],[-47.90442,-15.72723],[-47.90334,-15.72736],[-47.90226,-15.72753],[-47.90138,-15.72787],[-47.90022,-15.7278],[-47.89953,-15.72728],[-47.89858,-15.72757],[-47.89763,-15.72788],[-47.89664,-15.72812],[-47.89578,-15.72852],[-47.89506,-15.72902],[-47.89485,-15.73003],[-47.89408,-15.72958],[-47.89293,-15.72952],[-47.89195,-15.72975],[-47.89084,-15.72965],[-47.88964,-15.72966],[-47.88858,-15.72947],[-47.88747,-15.72936],[-47.88638,-15.72924],[-47.88544,-15.72896],[-47.88432,-15.72886],[-47.88339,-15.72917],[-47.88269,-15.7297],[-47.88187,-15.7301],[-47.88084,-15.73028],[-47.88005,-15.7307],[-47.87937,-15.73123],[-47.87884,-15.73192],[-47.87824,-15.73259],[-47.87794,-15.73352],[-47.87737,-15.7342],[-47.87689,-15.73493],[-47.87639,-15.73564],[-47.87621,-15.73671],[-47.87568,-15.73739],[-47.8752,-15.73816],[-47.87445,-15.73874],[-47.87375,-15.73929],[-47.87322,-15.74001],[-47.87259,-15.74061],[-47.87196,-15.74126],[-47.87084,-15.74182],[-47.86989,-15.74209],[-47.86886,-15.74242],[-47.86775,-15.74252],[-47.86672,-15.74288],[-47.86578,-15.7433],[-47.86485,-15.74397],[-47.86384,-15.74485],[-47.86327,-15.74558],[-47.86307,-15.74679],[-47.86242,-15.74744],[-47.86142,-15.7479],[-47.86022,-15.74793],[-47.85899,-15.74815],[-47.85798,-15.74875],[-47.85688,-15.74918],[-47.85586,-15.7494],[-47.8544,-15.75],[-47.85322,-15.75043],[-47.85238,-15.7509],[-47.8516,-15.75144],[-47.85097,-15.75219],[-47.85001,-15.75281],[-47.84894,-15.75336],[-47.84814,-15.75382],[-47.84682,-15.75459],[-47.84613,-15.75528],[-47.84571,-15.75611],[-47.84517,-15.75719],[-47.84513,-15.75846],[-47.84505,-15.75965],[-47.84407,-15.76022],[-47.84278,-15.7606],[-47.84203,-15.7612],[-47.84132,-15.76193],[-47.84053,-15.76334],[-47.83972,-15.76375],[-47.83818,-15.76437],[-47.83706,-15.76478],[-47.83641,-15.7654],[-47.83564,-15.76608],[-47.83548,-15.76738],[-47.83461,-15.76883],[-47.83456,-15.77009],[-47.83511,-15.77094],[-47.83471,-15.77192],[-47.83409,-15.77258],[-47.83332,-15.77337],[-47.83213,-15.77355],[-47.83136,-15.77308],[-47.83071,-15.77239],[-47.82998,-15.77099],[-47.82953,-15.77024],[-47.82918,-15.76938],[-47.82885,-15.76835],[-47.82867,-15.76723],[-47.82843,-15.76626],[-47.82825,-15.76502],[-47.82815,-15.76368],[-47.82768,-15.76195],[-47.82731,-15.76112],[-47.82695,-15.76028],[-47.82728,-15.7591],[-47.82814,-15.75853],[-47.82879,-15.75784],[-47.82948,-15.75698],[-47.82986,-15.75596],[-47.82975,-15.7548],[-47.82912,-15.75386],[-47.82866,-15.75311],[-47.8276,-15.75177],[-47.82772,-15.75068],[-47.82852,-15.75008],[-47.82928,-15.74946],[-47.83027,-15.74882],[-47.83104,-15.7483],[-47.83194,-15.7477],[-47.83274,-15.7472],[-47.83358,-15.74673],[-47.83453,-15.7462],[-47.83567,-15.74574],[-47.83675,-15.74554],[-47.83765,-15.74523],[-47.83864,-15.745],[-47.83952,-15.7446],[-47.84027,-15.74402],[-47.84099,-15.74338],[-47.84214,-15.74176],[-47.84339,-15.74008],[-47.84396,-15.73932],[-47.84488,-15.73859],[-47.84588,-15.73827],[-47.84686,-15.73796],[-47.84772,-15.7375],[-47.84841,-15.73663],[-47.84917,-15.73604],[-47.84983,-15.73528],[-47.8508,-15.73472],[-47.85149,-15.73405],[-47.85224,-15.73333],[-47.85303,-15.73264],[-47.85327,-15.73148],[-47.85427,-15.73101],[-47.85535,-15.73088],[-47.85616,-15.73034],[-47.85679,-15.72952],[-47.85744,-15.72895],[-47.85861,-15.7283],[-47.85748,-15.7287],[-47.85821,-15.72809],[-47.85879,-15.72723],[-47.86027,-15.72656],[-47.86096,-15.72588],[-47.86025,-15.72641],[-47.85943,-15.7271],[-47.85988,-15.72603],[-47.8603,-15.72504],[-47.86078,-15.72419],[-47.86144,-15.72358],[-47.86073,-15.72409],[-47.86017,-15.72506],[-47.85962,-15.72631],[-47.85862,-15.72715],[-47.85753,-15.72809],[-47.85616,-15.72884],[-47.85679,-15.72826],[-47.85745,-15.72767],[-47.85824,-15.72718],[-47.85899,-15.72665],[-47.85953,-15.7259],[-47.85888,-15.72529],[-47.85837,-15.7244],[-47.85723,-15.72448],[-47.8564,-15.7252],[-47.85563,-15.72571],[-47.8549,-15.72636],[-47.85419,-15.72691],[-47.85329,-15.72731],[-47.85247,-15.72774],[-47.85228,-15.72876],[-47.85189,-15.72783],[-47.85211,-15.72888],[-47.85167,-15.72807],[-47.8509,-15.72854],[-47.84913,-15.72898],[-47.84822,-15.72927],[-47.84747,-15.72974],[-47.84724,-15.73074],[-47.84672,-15.73144],[-47.84642,-15.73242],[-47.84608,-15.73332],[-47.84517,-15.7337],[-47.84433,-15.73424],[-47.84383,-15.73495],[-47.84242,-15.7349],[-47.84112,-15.73512],[-47.83981,-15.73468],[-47.83884,-15.73441],[-47.83853,-15.73567],[-47.83792,-15.73639],[-47.83684,-15.73669],[-47.83599,-15.73724],[-47.83653,-15.73823],[-47.83649,-15.73946],[-47.83616,-15.74054],[-47.83558,-15.74124],[-47.8352,-15.74209],[-47.83452,-15.74142],[-47.83348,-15.74108],[-47.83233,-15.7413],[-47.83215,-15.74234],[-47.83134,-15.7428],[-47.83037,-15.74312],[-47.82947,-15.74277],[-47.82838,-15.74312],[-47.82772,-15.74399],[-47.827,-15.74457],[-47.82574,-15.74466],[-47.82482,-15.74508],[-47.82406,-15.74555],[-47.82362,-15.74631],[-47.82317,-15.74711],[-47.82229,-15.74756],[-47.82166,-15.74815],[-47.82111,-15.74912],[-47.82167,-15.75],[-47.82203,-15.75095],[-47.82159,-15.75193],[-47.8209,-15.75255],[-47.81959,-15.75251],[-47.8189,-15.75193],[-47.81798,-15.75153],[-47.81716,-15.7511],[-47.81595,-15.75075],[-47.81502,-15.75044],[-47.81596,-15.75085],[-47.81626,-15.75184],[-47.81691,-15.75278],[-47.81741,-15.75371],[-47.81799,-15.75459],[-47.8186,-15.75519],[-47.81903,-15.75601],[-47.81954,-15.75759],[-47.81986,-15.7586],[-47.81948,-15.75956],[-47.8184,-15.76053],[-47.81755,-15.7609],[-47.81674,-15.76159],[-47.81565,-15.7626],[-47.81447,-15.76334],[-47.81492,-15.76423],[-47.81592,-15.76452],[-47.81695,-15.76479],[-47.81776,-15.76437],[-47.81875,-15.76483],[-47.81856,-15.76594],[-47.81822,-15.7668],[-47.81804,-15.76805],[-47.81771,-15.76901],[-47.81737,-15.77077],[-47.81741,-15.77203],[-47.81741,-15.77385],[-47.81699,-15.77464],[-47.81624,-15.77534],[-47.81535,-15.77574],[-47.81462,-15.77625],[-47.81398,-15.77682],[-47.81331,-15.77743],[-47.81268,-15.778],[-47.81167,-15.77881],[-47.81084,-15.77947],[-47.8106,-15.78046],[-47.81008,-15.78129],[-47.80953,-15.78217],[-47.80884,-15.78277],[-47.80823,-15.78354],[-47.80758,-15.78453],[-47.80689,-15.78507],[-47.80633,-15.78571],[-47.80669,-15.78659],[-47.8064,-15.78758],[-47.80551,-15.78796],[-47.80471,-15.7885],[-47.80375,-15.7889],[-47.80262,-15.7892],[-47.80147,-15.78903],[-47.80059,-15.78944],[-47.79964,-15.79008],[-47.79833,-15.7899],[-47.79754,-15.79033],[-47.79674,-15.78976],[-47.79582,-15.78943],[-47.79531,-15.78857],[-47.79471,-15.78921],[-47.79373,-15.78986],[-47.7942,-15.79061],[-47.7929,-15.79043],[-47.79217,-15.78992],[-47.79122,-15.79024],[-47.79017,-15.78977],[-47.78975,-15.78875],[-47.7894,-15.78978],[-47.78839,-15.78936],[-47.78778,-15.78875],[-47.78743,-15.78961],[-47.78791,-15.79041],[-47.78697,-15.79069],[-47.78581,-15.79075],[-47.78551,-15.79166],[-47.78543,-15.79284],[-47.78481,-15.79348],[-47.78468,-15.79487],[-47.78457,-15.79598],[-47.7845,-15.79713],[-47.78396,-15.79784],[-47.78441,-15.79899],[-47.78518,-15.80073],[-47.78574,-15.80197],[-47.7871,-15.80185],[-47.78808,-15.8009],[-47.78863,-15.79995],[-47.78935,-15.79946],[-47.78948,-15.79837],[-47.78928,-15.79724],[-47.78916,-15.79612],[-47.79039,-15.79576],[-47.7916,-15.79551],[-47.79217,-15.79615],[-47.7933,-15.79622],[-47.79435,-15.79605],[-47.79526,-15.79693],[-47.79578,-15.79616],[-47.7968,-15.79647],[-47.79747,-15.79577],[-47.79795,-15.79659],[-47.79846,-15.79732],[-47.79851,-15.79614],[-47.79905,-15.79544],[-47.79963,-15.79474],[-47.80084,-15.79475],[-47.80141,-15.79411],[-47.80278,-15.79423],[-47.80255,-15.7932],[-47.80338,-15.7928],[-47.80416,-15.79235],[-47.80522,-15.79265],[-47.80677,-15.79282],[-47.80799,-15.79293],[-47.80921,-15.79319],[-47.80992,-15.79387],[-47.81036,-15.79473],[-47.80976,-15.79535],[-47.81051,-15.79614],[-47.81126,-15.79674],[-47.81214,-15.79734],[-47.81258,-15.79823],[-47.81304,-15.79897],[-47.8135,-15.79973],[-47.81383,-15.8006],[-47.8143,-15.80162],[-47.81526,-15.80286],[-47.81495,-15.80434],[-47.8142,-15.80522],[-47.81343,-15.80581],[-47.81412,-15.80645],[-47.81506,-15.80616],[-47.81611,-15.80591],[-47.81709,-15.80628],[-47.81731,-15.80758],[-47.818,-15.80841],[-47.81888,-15.80902],[-47.8183,-15.80978],[-47.81837,-15.81122],[-47.81858,-15.81272],[-47.81872,-15.81382],[-47.81908,-15.81514],[-47.8193,-15.81632],[-47.81913,-15.81782],[-47.81858,-15.8186],[-47.8179,-15.81917],[-47.81721,-15.81981],[-47.81658,-15.82068],[-47.81613,-15.82149],[-47.81715,-15.82126],[-47.81843,-15.82117],[-47.81954,-15.82133],[-47.82037,-15.82172],[-47.82144,-15.82214],[-47.82199,-15.82283],[-47.82257,-15.8235],[-47.82303,-15.82436],[-47.82334,-15.82532],[-47.82421,-15.82566],[-47.82511,-15.82598],[-47.82579,-15.82672],[-47.8267,-15.82743],[-47.82735,-15.8281],[-47.82743,-15.82942],[-47.82704,-15.8303],[-47.82647,-15.83111],[-47.82579,-15.83171],[-47.82527,-15.83253],[-47.8265,-15.83258],[-47.82835,-15.83236],[-47.82912,-15.83178],[-47.83014,-15.83152],[-47.831,-15.83102],[-47.83204,-15.83077],[-47.83342,-15.83099],[-47.83435,-15.83129],[-47.83538,-15.83158],[-47.8361,-15.83209],[-47.83713,-15.83251],[-47.83787,-15.83297],[-47.8385,-15.83386],[-47.83919,-15.83505],[-47.83966,-15.83581],[-47.83995,-15.83674],[-47.84055,-15.83791],[-47.84087,-15.83892],[-47.84211,-15.83908],[-47.84356,-15.83904],[-47.84464,-15.83922],[-47.84559,-15.83948],[-47.84671,-15.83969],[-47.84769,-15.83996],[-47.84875,-15.84017],[-47.84981,-15.83983],[-47.85065,-15.83939],[-47.85209,-15.83926],[-47.85303,-15.83962],[-47.85425,-15.84022],[-47.855,-15.84071],[-47.85564,-15.8414],[-47.85633,-15.84212],[-47.85722,-15.84303],[-47.85782,-15.84377],[-47.85849,-15.8444],[-47.85927,-15.84488],[-47.86005,-15.84538],[-47.86104,-15.84572],[-47.86161,-15.84643],[-47.86268,-15.84778],[-47.86332,-15.84865],[-47.86371,-15.84951],[-47.86247,-15.85045],[-47.8615,-15.85073],[-47.86028,-15.85076],[-47.85935,-15.85117],[-47.85845,-15.8515],[-47.85869,-15.85263],[-47.85881,-15.8538],[-47.85951,-15.85327],[-47.86036,-15.85265],[-47.86124,-15.85231],[-47.86248,-15.85208],[-47.86368,-15.85201],[-47.86448,-15.85243],[-47.86545,-15.85266],[-47.8663,-15.85229],[-47.8674,-15.85243],[-47.86762,-15.85347],[-47.86874,-15.85372],[-47.86968,-15.85404],[-47.86894,-15.85451],[-47.86873,-15.85555],[-47.86934,-15.85658],[-47.87016,-15.85697],[-47.87043,-15.85791],[-47.87112,-15.85861],[-47.87204,-15.85903],[-47.87318,-15.85869],[-47.87303,-15.85763],[-47.87375,-15.85813],[-47.87425,-15.85889],[-47.87434,-15.85777],[-47.87364,-15.85724],[-47.87317,-15.85647],[-47.87253,-15.8559],[-47.87172,-15.85529],[-47.87087,-15.85479],[-47.87052,-15.85383],[-47.86984,-15.85322],[-47.86904,-15.85264],[-47.86865,-15.85179],[-47.86823,-15.85085],[-47.86832,-15.84967],[-47.8691,-15.84905],[-47.86976,-15.84845],[-47.86912,-15.84735],[-47.86888,-15.84618],[-47.8685,-15.84505],[-47.86798,-15.84419],[-47.8674,-15.84311],[-47.86695,-15.84234],[-47.8665,-15.84132],[-47.86539,-15.84028],[-47.86483,-15.83961],[-47.86423,-15.83883],[-47.86365,-15.83806],[-47.863,-15.83742],[-47.86251,-15.83667],[-47.86194,-15.83597],[-47.86155,-15.83515],[-47.86087,-15.83452],[-47.86013,-15.83394],[-47.85954,-15.8333],[-47.85877,-15.83247],[-47.85809,-15.83177],[-47.85726,-15.83108],[-47.85662,-15.83049],[-47.85567,-15.82985],[-47.85478,-15.82931],[-47.85497,-15.82813],[-47.85547,-15.82733],[-47.85662,-15.82721],[-47.85766,-15.82703],[-47.85877,-15.8272],[-47.86,-15.82741],[-47.86106,-15.82774],[-47.86197,-15.82807],[-47.86305,-15.82824],[-47.86426,-15.82832],[-47.86522,-15.82807],[-47.86632,-15.82792],[-47.8673,-15.82823],[-47.86814,-15.8286],[-47.86887,-15.82914],[-47.86966,-15.8297],[-47.87072,-15.82997],[-47.87154,-15.82943],[-47.87188,-15.82839],[-47.87164,-15.82705],[-47.87085,-15.82663],[-47.87117,-15.82558],[-47.87173,-15.82488],[-47.87243,-15.82422],[-47.87363,-15.82448],[-47.87478,-15.82476],[-47.87588,-15.8246],[-47.87701,-15.82469],[-47.87768,-15.82537],[-47.8786,-15.82567],[-47.8794,-15.82609],[-47.87976,-15.82747],[-47.88044,-15.82823],[-47.88155,-15.8289],[-47.88273,-15.82878],[-47.88336,-15.82975],[-47.88371,-15.83065],[-47.88396,-15.83163],[-47.88431,-15.83303],[-47.88446,-15.83438],[-47.88488,-15.83539],[-47.88558,-15.83626],[-47.88614,-15.83696],[-47.88683,-15.8375],[-47.88766,-15.8381],[-47.88864,-15.83865],[-47.8897,-15.83934],[-47.89049,-15.83995],[-47.89128,-15.84039],[-47.89212,-15.84088],[-47.89328,-15.84108],[-47.89445,-15.84103],[-47.89553,-15.84079],[-47.89683,-15.84075],[-47.89804,-15.84067],[-47.8985,-15.84152],[-47.89935,-15.84198],[-47.9002,-15.84256],[-47.90152,-15.84333],[-47.90236,-15.84381],[-47.90354,-15.84439],[-47.90479,-15.84456],[-47.90568,-15.84519],[-47.90691,-15.84575],[-47.90785,-15.84603],[-47.90906,-15.8461],[-47.91006,-15.84634],[-47.91106,-15.84661],[-47.9119,-15.84698],[-47.91266,-15.84743],[-47.91342,-15.84788],[-47.91428,-15.84835],[-47.915,-15.84886],[-47.91574,-15.8494],[-47.91656,-15.84985],[-47.91738,-15.85038],[-47.91824,-15.85078],[-47.91904,-15.85122],[-47.91989,-15.85161],[-47.92085,-15.85136],[-47.92194,-15.85148],[-47.92293,-15.85173],[-47.92382,-15.85141],[-47.92478,-15.85166],[-47.92521,-15.85087],[-47.9264,-15.85086],[-47.92728,-15.8512],[-47.92852,-15.85122],[-47.92951,-15.85148],[-47.93043,-15.8512],[-47.93156,-15.8513],[-47.93198,-15.85],[-47.93172,-15.8485],[-47.93156,-15.84614],[-47.9371,-15.84475],[-47.94011,-15.84456],[-47.94136,-15.84434],[-47.94293,-15.84386],[-47.94509,-15.84317],[-47.9462,-15.84278],[-47.95044,-15.84146],[-47.9533,-15.84058],[-47.95285,-15.83782],[-47.95265,-15.83658],[-47.95235,-15.83462],[-47.95206,-15.83296],[-47.95189,-15.83179],[-47.9517,-15.83072],[-47.95152,-15.82956],[-47.9513,-15.82814],[-47.95113,-15.827],[-47.95057,-15.82343],[-47.95032,-15.8219],[-47.95007,-15.82031],[-47.94957,-15.8172],[-47.94892,-15.81333],[-47.94851,-15.81085],[-47.94682,-15.8104],[-47.94514,-15.81059],[-47.9441,-15.81076],[-47.94289,-15.81095],[-47.94145,-15.81106],[-47.93998,-15.8109],[-47.93863,-15.81047],[-47.93699,-15.80989],[-47.93578,-15.80947],[-47.93483,-15.80914],[-47.93394,-15.80869],[-47.93303,-15.80836],[-47.93183,-15.80792],[-47.93008,-15.80734],[-47.92888,-15.80696],[-47.92748,-15.80631],[-47.92662,-15.80583],[-47.92576,-15.80533],[-47.92469,-15.80474],[-47.92384,-15.80427],[-47.92279,-15.80363],[-47.92078,-15.80251],[-47.91966,-15.80202],[-47.91856,-15.80139],[-47.91671,-15.80033],[-47.91595,-15.79989],[-47.91512,-15.79941],[-47.91431,-15.79894],[-47.91365,-15.79809],[-47.91334,-15.79711],[-47.913,-15.79614],[-47.91136,-15.79662],[-47.91092,-15.79573],[-47.91047,-15.79438],[-47.91013,-15.79339],[-47.90936,-15.79109],[-47.90848,-15.78847],[-47.90997,-15.788],[-47.9115,-15.78736],[-47.91402,-15.78657],[-47.91407,-15.78542],[-47.91619,-15.78426],[-47.9176,-15.78381],[-47.91968,-15.78316],[-47.92125,-15.78266],[-47.92248,-15.78227],[-47.92453,-15.78163],[-47.9268,-15.78092],[-47.92873,-15.78032],[-47.92978,-15.77999],[-47.93173,-15.77938],[-47.93309,-15.77895],[-47.93502,-15.77834],[-47.9361,-15.778],[-47.93706,-15.77771],[-47.93803,-15.77741],[-47.93784,-15.77531],[-47.93704,-15.773],[-47.93627,-15.77125],[-47.93404,-15.76756],[-47.92652,-15.75546],[-47.91701,-15.74019],[-47.9195,-15.73997],[-47.92113,-15.74258],[-47.92112,-15.74412],[-47.9233,-15.74292],[-47.92794,-15.74023],[-47.93602,-15.74454],[-47.93914,-15.7462],[-47.94234,-15.74791],[-47.94673,-15.7478],[-47.94887,-15.74775],[-47.95713,-15.74838],[-47.96332,-15.74886],[-47.96706,-15.75111],[-47.96819,-15.75179],[-47.96957,-15.75262],[-47.9702,-15.75325],[-47.97275,-15.75584],[-47.97609,-15.76322],[-47.97583,-15.76604],[-47.97573,-15.76939],[-47.97565,-15.77198],[-47.97172,-15.77613],[-47.97734,-15.78209],[-47.97805,-15.78262],[-47.97998,-15.78079],[-47.98793,-15.77235],[-47.98878,-15.77146],[-47.9909,-15.76918],[-47.99221,-15.76778],[-47.99313,-15.76679],[-47.99594,-15.76377],[-47.99715,-15.76247],[-47.99846,-15.76107],[-47.99941,-15.76006],[-48.0003,-15.75904],[-48.00136,-15.75792],[-48.00239,-15.75683],[-48.00321,-15.75591],[-48.00395,-15.75517],[-48.00483,-15.75471],[-48.00667,-15.75399],[-48.00778,-15.75369],[-48.01138,-15.7528],[-48.01694,-15.75161],[-48.02533,-15.75214],[-48.02958,-15.75244],[-48.03269,-15.75266],[-48.03693,-15.75296],[-48.04231,-15.75334],[-48.04741,-15.75369],[-48.04832,-15.75199],[-48.04991,-15.74839],[-48.05062,-15.74712],[-48.05134,-15.74615],[-48.05208,-15.74513],[-48.05267,-15.7444],[-48.05362,-15.74338],[-48.05551,-15.74179],[-48.05635,-15.74119],[-48.0574,-15.7405],[-48.05824,-15.74003],[-48.06007,-15.73915],[-48.0619,-15.7385],[-48.06312,-15.73817],[-48.06726,-15.73749],[-48.06901,-15.73724],[-48.07049,-15.73702],[-48.07152,-15.73682],[-48.07283,-15.73648],[-48.07403,-15.73611],[-48.0749,-15.73577],[-48.07574,-15.7354],[-48.0771,-15.73468],[-48.07794,-15.73418],[-48.0797,-15.73305],[-48.08128,-15.73201],[-48.08213,-15.73132],[-48.08281,-15.73068],[-48.08368,-15.72982],[-48.08424,-15.7291],[-48.0848,-15.72821],[-48.08528,-15.72729],[-48.08577,-15.72613],[-48.08619,-15.72478],[-48.08652,-15.72315],[-48.08668,-15.72105],[-48.08685,-15.719],[-48.08694,-15.71784],[-48.08712,-15.71533],[-48.08732,-15.71261],[-48.08753,-15.70978],[-48.08763,-15.70833],[-48.08772,-15.70702],[-48.08782,-15.70571],[-48.08792,-15.70439],[-48.088,-15.70327],[-48.0881,-15.70193],[-48.08819,-15.7007],[-48.08829,-15.69923],[-48.0884,-15.69775],[-48.08851,-15.6963],[-48.08859,-15.69508],[-48.0887,-15.69372],[-48.08878,-15.6925],[-48.08887,-15.69133],[-48.08896,-15.69002],[-48.08904,-15.68887],[-48.08915,-15.68753],[-48.08924,-15.68626],[-48.08934,-15.68503],[-48.08943,-15.68389],[-48.08951,-15.68267],[-48.08961,-15.6815],[-48.08969,-15.68031],[-48.08971,-15.6791],[-48.08964,-15.67793],[-48.08944,-15.67683],[-48.08919,-15.67576],[-48.08888,-15.67469],[-48.08856,-15.67356],[-48.08826,-15.67258],[-48.08785,-15.67115],[-48.08758,-15.67019],[-48.08716,-15.66874],[-48.0867,-15.66714],[-48.08634,-15.66592],[-48.08606,-15.66492],[-48.08568,-15.6636],[-48.0853,-15.66232],[-48.08498,-15.66123],[-48.08461,-15.65996],[-48.08421,-15.65861],[-48.08375,-15.65702],[-48.08344,-15.65589],[-48.08315,-15.6549],[-48.08265,-15.65318],[-48.08233,-15.65208],[-48.08203,-15.65105],[-48.08165,-15.64975],[-48.08125,-15.64838],[-48.08095,-15.64729],[-48.08061,-15.64615],[-48.0803,-15.64512],[-48.08,-15.64405],[-48.07968,-15.64292],[-48.0793,-15.64168],[-48.07904,-15.64073],[-48.07874,-15.63969],[-48.07842,-15.63857],[-48.07809,-15.63741],[-48.07777,-15.63634],[-48.07747,-15.6353],[-48.07719,-15.63434],[-48.07682,-15.63305],[-48.07644,-15.63187],[-48.07609,-15.63101],[-48.07557,-15.62998],[-48.075,-15.62908],[-48.07445,-15.6283],[-48.0738,-15.62752],[-48.07315,-15.62686],[-48.07235,-15.62616],[-48.07154,-15.62552],[-48.07052,-15.62484],[-48.06949,-15.62431],[-48.06835,-15.62379],[-48.06708,-15.62324],[-48.06615,-15.62282],[-48.06501,-15.62228],[-48.06416,-15.62188],[-48.0633,-15.6215],[-48.06232,-15.62105],[-48.06149,-15.62066],[-48.06062,-15.62027],[-48.05967,-15.61984],[-48.05882,-15.61944],[-48.05787,-15.619],[-48.05698,-15.61858],[-48.05602,-15.61814],[-48.05498,-15.61765],[-48.05408,-15.61723],[-48.0532,-15.61683],[-48.0522,-15.61638],[-48.05118,-15.61592],[-48.0503,-15.61551],[-48.04928,-15.61505],[-48.04845,-15.61466],[-48.04764,-15.61423],[-48.04681,-15.61372],[-48.04596,-15.61314],[-48.04525,-15.61259],[-48.0445,-15.61191],[-48.04377,-15.61117],[-48.04284,-15.61009],[-48.04216,-15.60925],[-48.0414,-15.60831],[-48.04069,-15.60743],[-48.0397,-15.60624],[-48.0388,-15.60518],[-48.03796,-15.60416],[-48.03735,-15.60342],[-48.03642,-15.60229],[-48.03574,-15.60144],[-48.03493,-15.60044],[-48.03421,-15.59958],[-48.0335,-15.59869],[-48.03273,-15.59776],[-48.0318,-15.59665],[-48.03088,-15.59553],[-48.02983,-15.59426],[-48.02916,-15.59344],[-48.02828,-15.59241],[-48.02755,-15.59164],[-48.02671,-15.59081],[-48.02564,-15.58985],[-48.02463,-15.58897],[-48.02357,-15.58805],[-48.02238,-15.58701],[-48.02124,-15.58606],[-48.01955,-15.5846],[-48.01877,-15.58389],[-48.01812,-15.58332],[-48.01711,-15.5825],[-48.0157,-15.58122],[-48.01487,-15.58052],[-48.01416,-15.57994],[-48.01316,-15.57931],[-48.01233,-15.57889],[-48.01114,-15.57843],[-48.00976,-15.5781],[-48.00841,-15.57796],[-48.00684,-15.57803],[-48.00564,-15.57823],[-48.00463,-15.57851],[-48.00368,-15.5789],[-48.0024,-15.5796],[-48.00123,-15.58044],[-48.00029,-15.58116],[-47.99928,-15.58191],[-47.99852,-15.5825],[-47.99758,-15.58323],[-47.99667,-15.58391],[-47.99577,-15.58459],[-47.99478,-15.58534],[-47.99399,-15.58594],[-47.99234,-15.58718],[-47.9902,-15.58881],[-47.98769,-15.59072],[-47.98503,-15.59274],[-47.9832,-15.59412],[-47.9825,-15.59467],[-47.98082,-15.59594],[-47.97876,-15.5975],[-47.97696,-15.59886],[-47.9754,-15.60004],[-47.97452,-15.60071],[-47.97216,-15.60251],[-47.97089,-15.60346],[-47.9695,-15.60453],[-47.96858,-15.60522],[-47.96781,-15.60581],[-47.96656,-15.60676],[-47.9655,-15.60757],[-47.96443,-15.60838],[-47.96339,-15.60918],[-47.96234,-15.60998],[-47.96154,-15.61058],[-47.96069,-15.61123],[-47.95963,-15.61201],[-47.9585,-15.61287],[-47.95751,-15.61362],[-47.95657,-15.61432],[-47.95559,-15.61503],[-47.95468,-15.6157],[-47.95383,-15.61633],[-47.95279,-15.61709],[-47.95183,-15.6178],[-47.9509,-15.61848],[-47.94996,-15.61916],[-47.94902,-15.61985],[-47.94804,-15.62058],[-47.94708,-15.62127],[-47.94634,-15.62182],[-47.94545,-15.62248],[-47.94463,-15.62308],[-47.94385,-15.62365],[-47.94263,-15.62457],[-47.94146,-15.62542],[-47.94048,-15.62614],[-47.93918,-15.62708],[-47.93814,-15.62783],[-47.93718,-15.62854],[-47.93588,-15.6295],[-47.93495,-15.63017],[-47.93193,-15.6324],[-47.93001,-15.6338],[-47.92907,-15.63446],[-47.92621,-15.63657],[-47.92393,-15.63825],[-47.92317,-15.63883],[-47.91977,-15.6413],[-47.91889,-15.64196],[-47.91617,-15.64394],[-47.91483,-15.6449],[-47.91307,-15.64619],[-47.91201,-15.64696],[-47.90012,-15.65572],[-47.89652,-15.65837],[-47.88749,-15.665],[-47.88525,-15.66664],[-47.88366,-15.6678],[-47.87498,-15.67518],[-47.87336,-15.67657],[-47.86966,-15.67973],[-47.86793,-15.68121],[-47.86675,-15.68221],[-47.86583,-15.683],[-47.86512,-15.68365],[-47.86436,-15.68425],[-47.86313,-15.68531],[-47.86143,-15.68679],[-47.86055,-15.68749],[-47.8595,-15.68823]]]]}},{"type":"Feature","id":1,"properties":{"id":1,"nome":"Gama","roman":"II"},"geometry":{"type":"MultiPolygon","coordinates":[[[[-48.03822,-15.94543],[-48.03714,-15.94676],[-48.03606,-15.94803],[-48.03517,-15.94907],[-48.0345,-15.94989],[-48.03382,-15.95067],[-48.03263,-15.95207],[-48.03154,-15.95336],[-48.03069,-15.95436],[-48.02995,-15.95523],[-48.02936,-15.95592],[-48.02871,-15.95669],[-48.02768,-15.9579],[-48.0269,-15.9588],[-48.02591,-15.95998],[-48.02401,-15.96221],[-48.02259,-15.96387],[-48.02161,-15.96506],[-48.02087,-15.96598],[-48.02019,-15.96672],[-48.01907,-15.96801],[-48.01796,-15.96926],[-48.01597,-15.97154],[-48.01487,-15.97262],[-48.01391,-15.97345],[-48.0131,-15.97407],[-48.01227,-15.97465],[-48.01146,-15.97517],[-48.01024,-15.97583],[-48.00907,-15.9764],[-48.00809,-15.97682],[-48.00674,-15.97729],[-48.00551,-15.97762],[-48.00456,-15.97796],[-48.00522,-15.9801],[-48.006,-15.98266],[-48.00656,-15.98449],[-48.00705,-15.98609],[-48.00747,-15.98698],[-48.00789,-15.98778],[-48.00845,-15.9887],[-48.00896,-15.9896],[-48.00961,-15.99061],[-48.01015,-15.99174],[-48.01062,-15.99289],[-48.01091,-15.9941],[-48.01114,-15.99529],[-48.01136,-15.9963],[-48.01198,-15.9973],[-48.01284,-15.99772],[-48.01341,-15.99846],[-48.01401,-15.99926],[-48.01499,-15.9995],[-48.01571,-16.00015],[-48.01667,-16.00081],[-48.0174,-16.00145],[-48.01799,-16.00207],[-48.01842,-16.00284],[-48.01939,-16.00317],[-48.02011,-16.00377],[-48.02077,-16.00435],[-48.02112,-16.00521],[-48.02232,-16.00578],[-48.02334,-16.00641],[-48.02406,-16.00716],[-48.02487,-16.00773],[-48.02578,-16.0084],[-48.02684,-16.0086],[-48.02769,-16.00911],[-48.02823,-16.00982],[-48.0289,-16.01045],[-48.0297,-16.01118],[-48.03012,-16.012],[-48.03094,-16.01256],[-48.03159,-16.01325],[-48.03227,-16.01408],[-48.03334,-16.01467],[-48.03393,-16.0153],[-48.03457,-16.01591],[-48.03542,-16.01643],[-48.03614,-16.01709],[-48.03692,-16.01767],[-48.03763,-16.01819],[-48.03816,-16.01887],[-48.039,-16.01933],[-48.03955,-16.02002],[-48.04056,-16.02032],[-48.04151,-16.01991],[-48.04277,-16.01974],[-48.04388,-16.01965],[-48.04478,-16.02007],[-48.04546,-16.0206],[-48.04571,-16.02162],[-48.04596,-16.02267],[-48.04633,-16.02352],[-48.04684,-16.02427],[-48.04737,-16.02506],[-48.04788,-16.02576],[-48.04806,-16.02681],[-48.04887,-16.02724],[-48.04917,-16.02818],[-48.0493,-16.02928],[-48.04979,-16.03019],[-48.05051,-16.03069],[-48.051,-16.03142],[-48.05135,-16.03241],[-48.05172,-16.03332],[-48.05232,-16.03397],[-48.05273,-16.03478],[-48.05329,-16.0355],[-48.05368,-16.03632],[-48.05407,-16.03723],[-48.05304,-16.03683],[-48.05201,-16.0363],[-48.05097,-16.03595],[-48.04973,-16.03594],[-48.04875,-16.03617],[-48.04785,-16.03667],[-48.04712,-16.0374],[-48.04647,-16.03826],[-48.04557,-16.03948],[-48.04442,-16.04101],[-48.04366,-16.04205],[-48.04296,-16.043],[-48.04426,-16.04461],[-48.0468,-16.04779],[-48.0477,-16.04892],[-48.0486,-16.05009],[-48.27722,-16.0496],[-48.27748,-16.04859],[-48.27785,-16.0477],[-48.278,-16.04636],[-48.27839,-16.04536],[-48.27803,-16.04449],[-48.27796,-16.04333],[-48.27838,-16.04235],[-48.27817,-16.04129],[-48.27704,-16.04118],[-48.2771,-16.04002],[-48.27671,-16.03845],[-48.27614,-16.03776],[-48.27579,-16.03686],[-48.27506,-16.03631],[-48.27401,-16.03606],[-48.27329,-16.03536],[-48.27409,-16.03485],[-48.27384,-16.03373],[-48.27312,-16.03307],[-48.27264,-16.03221],[-48.27185,-16.03176],[-48.27249,-16.03113],[-48.27276,-16.0302],[-48.27253,-16.02919],[-48.27227,-16.02795],[-48.27158,-16.02734],[-48.27186,-16.02639],[-48.27168,-16.02528],[-48.27233,-16.02468],[-48.27213,-16.02368],[-48.27102,-16.02353],[-48.27028,-16.02267],[-48.27012,-16.02159],[-48.2703,-16.0205],[-48.2705,-16.01942],[-48.26996,-16.01858],[-48.27017,-16.01741],[-48.27034,-16.01627],[-48.271,-16.01563],[-48.27117,-16.01458],[-48.27203,-16.01391],[-48.27226,-16.0129],[-48.27214,-16.01172],[-48.27189,-16.01058],[-48.27147,-16.00974],[-48.27228,-16.00919],[-48.2717,-16.00841],[-48.27106,-16.00778],[-48.27059,-16.00653],[-48.27002,-16.00579],[-48.26983,-16.00475],[-48.26968,-16.00362],[-48.26909,-16.00279],[-48.26848,-16.00213],[-48.26782,-16.00136],[-48.26662,-16.00142],[-48.26615,-16.0],[-48.2661,-15.99882],[-48.26549,-15.99804],[-48.26542,-15.99675],[-48.26456,-15.99628],[-48.26331,-15.99578],[-48.26273,-15.99504],[-48.26301,-15.99383],[-48.26369,-15.99292],[-48.26334,-15.99203],[-48.26242,-15.99118],[-48.26177,-15.99],[-48.26263,-15.98942],[-48.26259,-15.98825],[-48.26224,-15.98737],[-48.26204,-15.9862],[-48.26163,-15.98523],[-48.26079,-15.98486],[-48.2597,-15.9847],[-48.25914,-15.98388],[-48.25832,-15.98347],[-48.25895,-15.98257],[-48.25861,-15.98159],[-48.25872,-15.98037],[-48.25987,-15.98025],[-48.26047,-15.97956],[-48.2601,-15.97859],[-48.25919,-15.97825],[-48.2588,-15.97742],[-48.25776,-15.9777],[-48.25671,-15.97724],[-48.25548,-15.9773],[-48.2544,-15.97702],[-48.25335,-15.97654],[-48.25206,-15.97611],[-48.25122,-15.97569],[-48.25,-15.97564],[-48.24883,-15.97571],[-48.24773,-15.97553],[-48.247,-15.975],[-48.24637,-15.97438],[-48.2461,-15.97343],[-48.24601,-15.97229],[-48.24501,-15.97266],[-48.24446,-15.97332],[-48.24358,-15.97281],[-48.24246,-15.97248],[-48.24152,-15.97212],[-48.24038,-15.972],[-48.24022,-15.97084],[-48.23928,-15.97145],[-48.23842,-15.97181],[-48.23782,-15.97246],[-48.23669,-15.97223],[-48.23574,-15.97188],[-48.2346,-15.97182],[-48.23354,-15.97196],[-48.23223,-15.97182],[-48.23132,-15.97147],[-48.23042,-15.97105],[-48.22955,-15.97052],[-48.22877,-15.97104],[-48.22752,-15.97109],[-48.22656,-15.97142],[-48.22584,-15.97094],[-48.22465,-15.97087],[-48.22401,-15.96981],[-48.22328,-15.97064],[-48.22213,-15.97057],[-48.22111,-15.97022],[-48.22068,-15.96943],[-48.21947,-15.9693],[-48.21837,-15.96913],[-48.21791,-15.96833],[-48.217,-15.96799],[-48.21612,-15.96765],[-48.21505,-15.96746],[-48.21436,-15.96694],[-48.21398,-15.96602],[-48.21289,-15.96588],[-48.21161,-15.96582],[-48.21107,-15.96513],[-48.20997,-15.96498],[-48.20889,-15.96523],[-48.20791,-15.965],[-48.20686,-15.96472],[-48.20611,-15.96425],[-48.20472,-15.96425],[-48.20394,-15.96381],[-48.20312,-15.96331],[-48.2019,-15.96317],[-48.20109,-15.96277],[-48.2001,-15.96255],[-48.19976,-15.96349],[-48.19878,-15.96382],[-48.19768,-15.96346],[-48.19653,-15.96318],[-48.19575,-15.96275],[-48.19485,-15.96314],[-48.1939,-15.96344],[-48.19313,-15.9639],[-48.19245,-15.96331],[-48.19255,-15.96219],[-48.19197,-15.96152],[-48.19182,-15.96036],[-48.19103,-15.9599],[-48.1904,-15.95896],[-48.18962,-15.95836],[-48.18888,-15.95726],[-48.18847,-15.95638],[-48.18792,-15.95543],[-48.1875,-15.95451],[-48.18702,-15.95362],[-48.18695,-15.95226],[-48.18676,-15.95099],[-48.18659,-15.94982],[-48.18685,-15.94884],[-48.18711,-15.94779],[-48.18726,-15.94671],[-48.18704,-15.94572],[-48.18595,-15.94556],[-48.18429,-15.94568],[-48.18304,-15.94583],[-48.18172,-15.94594],[-48.18049,-15.94621],[-48.1795,-15.94654],[-48.17798,-15.94655],[-48.17668,-15.94629],[-48.17559,-15.94652],[-48.17448,-15.94679],[-48.17344,-15.94698],[-48.17278,-15.94627],[-48.17085,-15.94645],[-48.16937,-15.94656],[-48.16787,-15.94667],[-48.16637,-15.94678],[-48.165,-15.94681],[-48.1635,-15.94691],[-48.16305,-15.94609],[-48.16247,-15.94486],[-48.16175,-15.94368],[-48.16127,-15.9429],[-48.16074,-15.94156],[-48.16018,-15.94028],[-48.15964,-15.93959],[-48.15894,-15.93892],[-48.15808,-15.93818],[-48.15717,-15.93747],[-48.15564,-15.93699],[-48.1551,-15.93616],[-48.15458,-15.93528],[-48.15391,-15.93439],[-48.15327,-15.93379],[-48.1532,-15.93557],[-48.15329,-15.93806],[-48.15342,-15.94089],[-48.15352,-15.94296],[-48.15354,-15.94446],[-48.15342,-15.94624],[-48.15256,-15.94673],[-48.15157,-15.94635],[-48.15089,-15.94572],[-48.15001,-15.9453],[-48.14905,-15.94495],[-48.14824,-15.94441],[-48.14738,-15.94365],[-48.14612,-15.94332],[-48.14459,-15.94298],[-48.14355,-15.94315],[-48.14188,-15.94324],[-48.14102,-15.94367],[-48.13983,-15.94394],[-48.13847,-15.94442],[-48.1371,-15.94492],[-48.1358,-15.94521],[-48.13451,-15.94521],[-48.13339,-15.94486],[-48.1319,-15.94371],[-48.13106,-15.94298],[-48.12947,-15.94251],[-48.12822,-15.9426],[-48.12715,-15.9424],[-48.1266,-15.94314],[-48.12696,-15.94401],[-48.12678,-15.94508],[-48.12651,-15.9463],[-48.1258,-15.94691],[-48.12539,-15.94782],[-48.12491,-15.9486],[-48.12445,-15.94936],[-48.12394,-15.95013],[-48.12341,-15.95084],[-48.12295,-15.95172],[-48.12251,-15.95275],[-48.12253,-15.954],[-48.1224,-15.95508],[-48.12137,-15.9554],[-48.12064,-15.9548],[-48.11986,-15.95415],[-48.11892,-15.95376],[-48.11805,-15.95314],[-48.11727,-15.95271],[-48.11618,-15.95289],[-48.11574,-15.95207],[-48.11487,-15.95164],[-48.11415,-15.95109],[-48.11301,-15.95151],[-48.11199,-15.95131],[-48.11135,-15.95065],[-48.11076,-15.94988],[-48.11004,-15.94926],[-48.10911,-15.94861],[-48.10872,-15.94776],[-48.10819,-15.94705],[-48.10731,-15.94666],[-48.10693,-15.94578],[-48.10652,-15.94487],[-48.10586,-15.94425],[-48.10524,-15.94362],[-48.10473,-15.94255],[-48.10388,-15.94205],[-48.10346,-15.94126],[-48.10337,-15.93995],[-48.10296,-15.93915],[-48.10252,-15.9381],[-48.10218,-15.93724],[-48.10113,-15.93682],[-48.10047,-15.93611],[-48.09975,-15.93552],[-48.09875,-15.93503],[-48.09806,-15.93434],[-48.09739,-15.93378],[-48.09645,-15.93321],[-48.09564,-15.93277],[-48.09476,-15.9324],[-48.09299,-15.93299],[-48.09215,-15.93352],[-48.09135,-15.93447],[-48.09036,-15.93575],[-48.08843,-15.93731],[-48.08775,-15.93785],[-48.08674,-15.93864],[-48.0856,-15.93953],[-48.08466,-15.94026],[-48.08331,-15.94132],[-48.08199,-15.94089],[-48.08139,-15.94023],[-48.08058,-15.93948],[-48.07978,-15.93906],[-48.07867,-15.93879],[-48.07754,-15.93887],[-48.07627,-15.93927],[-48.07542,-15.93964],[-48.07431,-15.94042],[-48.07351,-15.94089],[-48.07268,-15.94142],[-48.07129,-15.94229],[-48.07037,-15.94287],[-48.06946,-15.94344],[-48.06857,-15.94399],[-48.06765,-15.94454],[-48.06673,-15.9451],[-48.06539,-15.94596],[-48.06463,-15.94643],[-48.06317,-15.94735],[-48.06242,-15.94782],[-48.06134,-15.94825],[-48.05987,-15.94916],[-48.05881,-15.94982],[-48.05583,-15.95165],[-48.05481,-15.95225],[-48.05373,-15.95271],[-48.05278,-15.953],[-48.05089,-15.9533],[-48.04939,-15.95328],[-48.04804,-15.95307],[-48.04669,-15.95267],[-48.04519,-15.95217],[-48.04393,-15.95165],[-48.04308,-15.95116],[-48.04225,-15.95058],[-48.04141,-15.94988],[-48.04074,-15.94919],[-48.04001,-15.94829],[-48.03942,-15.94737],[-48.03886,-15.94642],[-48.03838,-15.94564],[-48.03822,-15.94543]]]]}},{"type":"Feature","id":2,"properties":{"id":2,"nome":"Brazlândia","roman":"IV"},"geometry":{"type":"MultiPolygon","coordinates":[[[[-48.20825,-15.74034],[-48.20778,-15.73805],[-48.20661,-15.73225],[-48.20771,-15.7238],[-48.20774,-15.72096],[-48.20776,-15.71887],[-48.20778,-15.71767],[-48.21023,-15.71283],[-48.21374,-15.71127],[-48.21588,-15.71014],[-48.21723,-15.70989],[-48.21827,-15.7094],[-48.21914,-15.70902],[-48.22015,-15.70877],[-48.22123,-15.70898],[-48.22185,-15.7083],[-48.22302,-15.70848],[-48.22387,-15.70916],[-48.22449,-15.70975],[-48.22552,-15.70955],[-48.22646,-15.70922],[-48.22746,-15.70898],[-48.2285,-15.70916],[-48.22959,-15.70935],[-48.23052,-15.70964],[-48.23136,-15.70923],[-48.23229,-15.70957],[-48.2329,-15.7089],[-48.23386,-15.70861],[-48.2348,-15.70895],[-48.23602,-15.70892],[-48.23669,-15.70832],[-48.23786,-15.70826],[-48.2387,-15.70787],[-48.23928,-15.70723],[-48.24002,-15.70671],[-48.24073,-15.7062],[-48.24125,-15.70544],[-48.24146,-15.7044],[-48.24099,-15.70366],[-48.24035,-15.70302],[-48.24051,-15.70195],[-48.24014,-15.70109],[-48.23984,-15.70017],[-48.23995,-15.69906],[-48.23946,-15.6983],[-48.23933,-15.69721],[-48.23958,-15.69625],[-48.23972,-15.69518],[-48.24043,-15.69454],[-48.24132,-15.69409],[-48.24119,-15.69301],[-48.24065,-15.69228],[-48.24099,-15.6914],[-48.24119,-15.69037],[-48.24113,-15.68918],[-48.24134,-15.68818],[-48.24151,-15.68708],[-48.24108,-15.68629],[-48.24069,-15.68522],[-48.24032,-15.68426],[-48.23997,-15.68339],[-48.23958,-15.68223],[-48.23941,-15.6809],[-48.23956,-15.67982],[-48.23895,-15.67922],[-48.23863,-15.67831],[-48.23834,-15.67732],[-48.23792,-15.67639],[-48.23765,-15.67534],[-48.2375,-15.67425],[-48.23722,-15.67327],[-48.23695,-15.67227],[-48.23656,-15.67144],[-48.23619,-15.6706],[-48.23581,-15.66977],[-48.23543,-15.66891],[-48.23499,-15.6681],[-48.23461,-15.66707],[-48.23461,-15.66575],[-48.23476,-15.66457],[-48.23492,-15.66346],[-48.2351,-15.66227],[-48.23508,-15.66088],[-48.23488,-15.65983],[-48.2345,-15.6586],[-48.23396,-15.6576],[-48.23441,-15.6564],[-48.2351,-15.6551],[-48.2356,-15.65433],[-48.2359,-15.65343],[-48.23627,-15.65259],[-48.23641,-15.65153],[-48.23653,-15.65045],[-48.23627,-15.6495],[-48.23577,-15.64879],[-48.23542,-15.64792],[-48.23508,-15.64705],[-48.23498,-15.64576],[-48.23469,-15.64473],[-48.23456,-15.64348],[-48.23419,-15.64256],[-48.23396,-15.64156],[-48.23335,-15.64085],[-48.23253,-15.64042],[-48.23199,-15.63956],[-48.23128,-15.63889],[-48.23058,-15.63827],[-48.22987,-15.63771],[-48.22952,-15.63646],[-48.22926,-15.6354],[-48.22886,-15.63429],[-48.22839,-15.63344],[-48.22753,-15.6328],[-48.22698,-15.63207],[-48.22621,-15.63156],[-48.2259,-15.63051],[-48.22521,-15.62969],[-48.22443,-15.62895],[-48.22369,-15.62841],[-48.22265,-15.62809],[-48.22178,-15.62768],[-48.22066,-15.62735],[-48.22026,-15.62651],[-48.21981,-15.6257],[-48.2191,-15.62505],[-48.21856,-15.62433],[-48.21812,-15.62331],[-48.21757,-15.62245],[-48.21664,-15.62211],[-48.21569,-15.62253],[-48.21451,-15.62288],[-48.21329,-15.62283],[-48.21228,-15.6226],[-48.21104,-15.62259],[-48.21004,-15.62285],[-48.20906,-15.62315],[-48.20792,-15.62306],[-48.20692,-15.62337],[-48.20603,-15.62371],[-48.20493,-15.62383],[-48.20416,-15.62427],[-48.20308,-15.62414],[-48.20237,-15.62356],[-48.20146,-15.62327],[-48.20042,-15.62308],[-48.20001,-15.60068],[-48.20001,-15.5627],[-48.20001,-15.50228],[-48.03478,-15.50241],[-48.03428,-15.50323],[-48.03405,-15.50422],[-48.0345,-15.50554],[-48.03509,-15.50673],[-48.03555,-15.50766],[-48.036,-15.50859],[-48.03648,-15.50957],[-48.03693,-15.51051],[-48.0373,-15.5114],[-48.03768,-15.51232],[-48.03813,-15.51342],[-48.03852,-15.51444],[-48.03897,-15.51554],[-48.03938,-15.51654],[-48.03973,-15.5179],[-48.03978,-15.51911],[-48.0396,-15.52069],[-48.03944,-15.52175],[-48.03923,-15.52335],[-48.03908,-15.52452],[-48.03873,-15.52594],[-48.03836,-15.52684],[-48.03791,-15.52767],[-48.03732,-15.52853],[-48.03652,-15.52971],[-48.03578,-15.53082],[-48.03523,-15.53149],[-48.03381,-15.53128],[-48.03283,-15.53073],[-48.03181,-15.53107],[-48.03208,-15.532],[-48.03265,-15.5329],[-48.03348,-15.53391],[-48.03421,-15.53451],[-48.03492,-15.53523],[-48.03577,-15.53603],[-48.03676,-15.53692],[-48.03756,-15.53763],[-48.03851,-15.53848],[-48.03939,-15.53928],[-48.04026,-15.54004],[-48.04124,-15.54093],[-48.04201,-15.5417],[-48.04258,-15.54249],[-48.04302,-15.54337],[-48.04348,-15.54442],[-48.0438,-15.54556],[-48.04384,-15.54696],[-48.0436,-15.54811],[-48.04309,-15.54925],[-48.04239,-15.55013],[-48.04171,-15.55075],[-48.04089,-15.55127],[-48.03991,-15.55182],[-48.03887,-15.55244],[-48.03795,-15.55298],[-48.03696,-15.55357],[-48.03615,-15.55405],[-48.03531,-15.55471],[-48.03474,-15.55536],[-48.03419,-15.55622],[-48.03379,-15.55724],[-48.03362,-15.5583],[-48.03373,-15.55969],[-48.03414,-15.56082],[-48.03468,-15.56184],[-48.03516,-15.56293],[-48.03538,-15.56391],[-48.03512,-15.5651],[-48.03452,-15.56583],[-48.03372,-15.56642],[-48.03273,-15.56716],[-48.03191,-15.56776],[-48.03084,-15.56858],[-48.02988,-15.56927],[-48.02895,-15.56997],[-48.02799,-15.57066],[-48.02695,-15.57143],[-48.0262,-15.57198],[-48.0254,-15.57258],[-48.02469,-15.5732],[-48.02345,-15.57458],[-48.0229,-15.57526],[-48.02183,-15.5766],[-48.02096,-15.57764],[-48.02009,-15.57868],[-48.01946,-15.57944],[-48.01883,-15.5802],[-48.01815,-15.58103],[-48.01753,-15.58179],[-48.01762,-15.5829],[-48.01846,-15.58361],[-48.01953,-15.58458],[-48.02124,-15.58606],[-48.02238,-15.58701],[-48.02341,-15.58792],[-48.02406,-15.58848],[-48.02508,-15.58936],[-48.02612,-15.59027],[-48.0271,-15.5912],[-48.0279,-15.592],[-48.02875,-15.59296],[-48.02952,-15.59388],[-48.03039,-15.59495],[-48.03136,-15.59613],[-48.03222,-15.59715],[-48.03309,-15.59819],[-48.03387,-15.59913],[-48.03451,-15.59996],[-48.03526,-15.60086],[-48.03619,-15.602],[-48.03686,-15.60282],[-48.03796,-15.60416],[-48.0388,-15.60518],[-48.0397,-15.60624],[-48.04025,-15.6069],[-48.04088,-15.60767],[-48.04182,-15.60883],[-48.04239,-15.60953],[-48.04324,-15.61055],[-48.0441,-15.61152],[-48.04487,-15.61226],[-48.04569,-15.61292],[-48.04662,-15.61359],[-48.04742,-15.6141],[-48.04841,-15.61464],[-48.04928,-15.61505],[-48.05014,-15.61544],[-48.05118,-15.61592],[-48.0522,-15.61638],[-48.0532,-15.61683],[-48.05407,-15.61723],[-48.05493,-15.61763],[-48.05578,-15.61803],[-48.05675,-15.61848],[-48.05766,-15.6189],[-48.05866,-15.61937],[-48.05967,-15.61984],[-48.06062,-15.62027],[-48.06149,-15.62066],[-48.06232,-15.62105],[-48.0633,-15.6215],[-48.06416,-15.62188],[-48.06501,-15.62228],[-48.06584,-15.62266],[-48.06665,-15.62306],[-48.06765,-15.62346],[-48.06889,-15.62403],[-48.07,-15.62456],[-48.07086,-15.62505],[-48.07181,-15.62572],[-48.07261,-15.62636],[-48.0734,-15.62711],[-48.07415,-15.62793],[-48.07471,-15.62864],[-48.07528,-15.6295],[-48.07573,-15.63029],[-48.07623,-15.63132],[-48.07658,-15.63228],[-48.07692,-15.63342],[-48.07726,-15.6346],[-48.07758,-15.6357],[-48.07786,-15.63663],[-48.07818,-15.63769],[-48.07849,-15.6388],[-48.07881,-15.63994],[-48.07915,-15.64112],[-48.07949,-15.64232],[-48.07983,-15.64349],[-48.08019,-15.64471],[-48.08046,-15.64564],[-48.08075,-15.64662],[-48.08102,-15.64757],[-48.08144,-15.64903],[-48.08185,-15.65043],[-48.08225,-15.65182],[-48.08265,-15.65318],[-48.0831,-15.65471],[-48.08344,-15.65589],[-48.08375,-15.65702],[-48.08405,-15.65807],[-48.08434,-15.65906],[-48.08498,-15.66123],[-48.0853,-15.66232],[-48.08563,-15.66343],[-48.08599,-15.66467],[-48.08634,-15.66592],[-48.0867,-15.66714],[-48.08699,-15.66811],[-48.08732,-15.66929],[-48.08772,-15.67068],[-48.08803,-15.67174],[-48.08841,-15.67305],[-48.08872,-15.67414],[-48.08908,-15.67536],[-48.08937,-15.67649],[-48.08963,-15.67782],[-48.08971,-15.67902],[-48.08969,-15.68022],[-48.08962,-15.68138],[-48.08952,-15.68253],[-48.08944,-15.68373],[-48.08934,-15.68489],[-48.08924,-15.68626],[-48.08915,-15.68753],[-48.08904,-15.68887],[-48.08896,-15.69002],[-48.08887,-15.69133],[-48.08878,-15.6925],[-48.0887,-15.69372],[-48.08859,-15.69508],[-48.08851,-15.6963],[-48.0884,-15.69775],[-48.08829,-15.69923],[-48.08819,-15.70061],[-48.08811,-15.70183],[-48.088,-15.70327],[-48.08792,-15.70439],[-48.08783,-15.70556],[-48.08772,-15.70702],[-48.08763,-15.70833],[-48.08755,-15.70948],[-48.08733,-15.71248],[-48.08712,-15.71533],[-48.08694,-15.71784],[-48.08685,-15.719],[-48.08675,-15.72042],[-48.08656,-15.7226],[-48.08639,-15.72391],[-48.08598,-15.72552],[-48.08563,-15.7265],[-48.08517,-15.72749],[-48.08424,-15.7291],[-48.08368,-15.72982],[-48.08281,-15.73068],[-48.08213,-15.73132],[-48.08128,-15.73201],[-48.08038,-15.73261],[-48.07802,-15.73414],[-48.0771,-15.73468],[-48.07574,-15.7354],[-48.0749,-15.73577],[-48.07403,-15.73611],[-48.07305,-15.73641],[-48.07351,-15.73724],[-48.07333,-15.73827],[-48.07269,-15.73887],[-48.07225,-15.73981],[-48.07251,-15.74137],[-48.07158,-15.74232],[-48.07071,-15.74439],[-48.06979,-15.74569],[-48.06894,-15.74656],[-48.06841,-15.74743],[-48.06811,-15.74838],[-48.06776,-15.7493],[-48.06722,-15.75],[-48.06716,-15.7512],[-48.06659,-15.75195],[-48.06622,-15.7531],[-48.06574,-15.75395],[-48.06585,-15.75544],[-48.06621,-15.75646],[-48.06675,-15.75728],[-48.06765,-15.75807],[-48.0685,-15.75886],[-48.06925,-15.75935],[-48.07125,-15.75867],[-48.07242,-15.75894],[-48.07345,-15.75876],[-48.07427,-15.75829],[-48.07502,-15.75779],[-48.0764,-15.75742],[-48.07773,-15.75745],[-48.07878,-15.75776],[-48.07988,-15.75794],[-48.08072,-15.75848],[-48.0814,-15.75917],[-48.08253,-15.75927],[-48.08366,-15.75987],[-48.08475,-15.76005],[-48.0857,-15.76051],[-48.08682,-15.76101],[-48.08777,-15.76147],[-48.08902,-15.76193],[-48.08971,-15.7625],[-48.09061,-15.76297],[-48.09133,-15.76349],[-48.09235,-15.7639],[-48.0937,-15.7645],[-48.09452,-15.76502],[-48.09601,-15.76523],[-48.09698,-15.76559],[-48.09824,-15.76562],[-48.09916,-15.76529],[-48.10021,-15.76572],[-48.10121,-15.76613],[-48.10267,-15.76685],[-48.10373,-15.76721],[-48.10474,-15.76746],[-48.10559,-15.7679],[-48.10669,-15.76862],[-48.10746,-15.76907],[-48.10867,-15.76904],[-48.10964,-15.7696],[-48.11051,-15.77002],[-48.11174,-15.7704],[-48.11279,-15.77082],[-48.1138,-15.77123],[-48.11489,-15.77135],[-48.116,-15.7711],[-48.11722,-15.77115],[-48.11819,-15.77091],[-48.11922,-15.77073],[-48.12014,-15.77108],[-48.12093,-15.77038],[-48.12181,-15.76998],[-48.12274,-15.76966],[-48.12373,-15.77001],[-48.12488,-15.76982],[-48.12554,-15.76884],[-48.12625,-15.76939],[-48.12707,-15.76983],[-48.12814,-15.76954],[-48.12897,-15.76998],[-48.12967,-15.77064],[-48.13052,-15.77113],[-48.13154,-15.77141],[-48.13222,-15.7708],[-48.13201,-15.76978],[-48.13324,-15.76969],[-48.13426,-15.76932],[-48.13453,-15.76837],[-48.13534,-15.76791],[-48.13667,-15.76802],[-48.13767,-15.76772],[-48.13846,-15.76813],[-48.13956,-15.76801],[-48.14057,-15.76779],[-48.14178,-15.76767],[-48.14256,-15.76815],[-48.14382,-15.76806],[-48.14459,-15.76852],[-48.14554,-15.76879],[-48.14681,-15.76875],[-48.14794,-15.76884],[-48.14916,-15.76867],[-48.15013,-15.76831],[-48.15105,-15.768],[-48.15216,-15.7681],[-48.15342,-15.76779],[-48.15466,-15.76775],[-48.15576,-15.76761],[-48.15688,-15.76744],[-48.15788,-15.76717],[-48.15804,-15.76613],[-48.15844,-15.76513],[-48.15802,-15.76434],[-48.15861,-15.76373],[-48.15922,-15.76301],[-48.15963,-15.76207],[-48.15989,-15.76111],[-48.16041,-15.76041],[-48.16114,-15.75964],[-48.16157,-15.75882],[-48.16222,-15.75822],[-48.16298,-15.75756],[-48.16343,-15.7568],[-48.16442,-15.75654],[-48.16521,-15.7558],[-48.16604,-15.75536],[-48.16669,-15.75477],[-48.16705,-15.75393],[-48.16774,-15.75324],[-48.16856,-15.75278],[-48.1696,-15.75247],[-48.17053,-15.75184],[-48.17123,-15.75128],[-48.17201,-15.75077],[-48.17338,-15.75075],[-48.17393,-15.75142],[-48.17426,-15.7526],[-48.17566,-15.75222],[-48.17692,-15.75115],[-48.178,-15.75045],[-48.17936,-15.74967],[-48.18092,-15.74863],[-48.182,-15.748],[-48.18348,-15.74726],[-48.18484,-15.74666],[-48.18639,-15.74623],[-48.1884,-15.74657],[-48.18925,-15.74701],[-48.19327,-15.74859],[-48.19675,-15.74944],[-48.19994,-15.74989],[-48.20344,-15.75038],[-48.20529,-15.75034],[-48.20556,-15.74704],[-48.20825,-15.74034]]]]}},{"type":"Feature","id":3,"properties":{"id":3,"nome":"Sobradinho","roman":"V"},"geometry":{"type":"MultiPolygon","coordinates":[[[[-47.76379,-15.52734],[-47.76351,-15.52826],[-47.76259,-15.52857],[-47.7617,-15.52822],[-47.76201,-15.52732],[-47.7609,-15.52754],[-47.76035,-15.52688],[-47.76026,-15.52812],[-47.7597,-15.52745],[-47.75989,-15.52856],[-47.75956,-15.52949],[-47.75919,-15.53045],[-47.75798,-15.53035],[-47.75758,-15.52955],[-47.75719,-15.5285],[-47.75629,-15.5288],[-47.75559,-15.5293],[-47.75464,-15.52958],[-47.7539,-15.53005],[-47.75434,-15.53097],[-47.75389,-15.53181],[-47.75348,-15.53266],[-47.75309,-15.5335],[-47.75215,-15.53385],[-47.75179,-15.53473],[-47.75148,-15.53565],[-47.75151,-15.53682],[-47.75102,-15.53768],[-47.75074,-15.53866],[-47.75014,-15.53934],[-47.75117,-15.53967],[-47.75167,-15.54039],[-47.75218,-15.54109],[-47.75193,-15.54212],[-47.753,-15.54198],[-47.75334,-15.54284],[-47.7534,-15.54399],[-47.75422,-15.54358],[-47.755,-15.54401],[-47.75561,-15.54467],[-47.75578,-15.54576],[-47.75636,-15.54645],[-47.75642,-15.54771],[-47.75658,-15.54888],[-47.75581,-15.54945],[-47.75499,-15.55012],[-47.75476,-15.55114],[-47.75554,-15.55166],[-47.75521,-15.55259],[-47.75576,-15.55337],[-47.75614,-15.55425],[-47.75717,-15.55458],[-47.758,-15.555],[-47.75879,-15.55546],[-47.75925,-15.55624],[-47.75987,-15.55707],[-47.76075,-15.55745],[-47.76137,-15.55806],[-47.76212,-15.55854],[-47.76295,-15.55892],[-47.76375,-15.55932],[-47.76391,-15.55822],[-47.76514,-15.5583],[-47.76608,-15.55867],[-47.76628,-15.55972],[-47.76685,-15.56045],[-47.7673,-15.5612],[-47.7671,-15.56222],[-47.767,-15.56335],[-47.76682,-15.56439],[-47.76612,-15.56494],[-47.76487,-15.56493],[-47.76409,-15.56539],[-47.7638,-15.5664],[-47.76311,-15.56694],[-47.76246,-15.56753],[-47.76237,-15.56864],[-47.7625,-15.56976],[-47.763,-15.5705],[-47.76295,-15.57166],[-47.76234,-15.57226],[-47.76129,-15.57242],[-47.76053,-15.57287],[-47.76047,-15.57402],[-47.76048,-15.57522],[-47.76047,-15.57641],[-47.7603,-15.57745],[-47.76046,-15.57849],[-47.76083,-15.57934],[-47.76182,-15.57955],[-47.76288,-15.57969],[-47.76379,-15.58003],[-47.76459,-15.58049],[-47.76506,-15.58122],[-47.76552,-15.58212],[-47.76596,-15.58304],[-47.76598,-15.58428],[-47.7658,-15.58531],[-47.76544,-15.58616],[-47.76498,-15.58691],[-47.76539,-15.58796],[-47.76653,-15.58802],[-47.76778,-15.58831],[-47.76886,-15.5887],[-47.76817,-15.58975],[-47.76663,-15.58986],[-47.76537,-15.5898],[-47.76414,-15.59024],[-47.76336,-15.59119],[-47.76418,-15.5918],[-47.76529,-15.59226],[-47.76692,-15.59268],[-47.76828,-15.59298],[-47.76963,-15.59328],[-47.77099,-15.59359],[-47.77231,-15.59387],[-47.77426,-15.59388],[-47.77557,-15.59377],[-47.77695,-15.59366],[-47.77962,-15.59343],[-47.78053,-15.59384],[-47.78075,-15.59612],[-47.78092,-15.59804],[-47.78104,-15.59928],[-47.78118,-15.60081],[-47.77888,-15.60306],[-47.7772,-15.60471],[-47.77556,-15.60632],[-47.77491,-15.60696],[-47.77449,-15.60806],[-47.77384,-15.60865],[-47.773,-15.60932],[-47.7719,-15.61006],[-47.76961,-15.6116],[-47.76841,-15.6124],[-47.76714,-15.61314],[-47.766,-15.61382],[-47.76465,-15.61458],[-47.76319,-15.61547],[-47.76178,-15.61648],[-47.76093,-15.61712],[-47.76036,-15.61792],[-47.76008,-15.61887],[-47.75981,-15.61983],[-47.75954,-15.62076],[-47.75944,-15.62196],[-47.75982,-15.62382],[-47.75973,-15.62498],[-47.75913,-15.6262],[-47.75858,-15.62738],[-47.75796,-15.62871],[-47.75754,-15.62965],[-47.75709,-15.6306],[-47.7566,-15.63182],[-47.75615,-15.63285],[-47.7556,-15.63396],[-47.75507,-15.63509],[-47.75423,-15.63697],[-47.75369,-15.63817],[-47.75327,-15.63904],[-47.75279,-15.63981],[-47.75218,-15.64053],[-47.75156,-15.64155],[-47.75082,-15.64278],[-47.74996,-15.64425],[-47.74952,-15.64501],[-47.749,-15.64589],[-47.74835,-15.64698],[-47.74748,-15.64844],[-47.7469,-15.64941],[-47.74627,-15.65046],[-47.74567,-15.65147],[-47.74508,-15.65247],[-47.74444,-15.65353],[-47.74392,-15.65441],[-47.74331,-15.65545],[-47.74275,-15.65642],[-47.7421,-15.65748],[-47.74074,-15.65975],[-47.74017,-15.66073],[-47.73943,-15.662],[-47.73869,-15.66325],[-47.73819,-15.66404],[-47.74229,-15.66921],[-47.74324,-15.67021],[-47.74398,-15.67099],[-47.74331,-15.67219],[-47.74226,-15.67306],[-47.74136,-15.6738],[-47.74063,-15.67436],[-47.74085,-15.67542],[-47.74195,-15.6753],[-47.74284,-15.67577],[-47.74357,-15.67631],[-47.74524,-15.67725],[-47.74575,-15.67809],[-47.74598,-15.67918],[-47.74639,-15.68013],[-47.74677,-15.68116],[-47.74696,-15.68225],[-47.74689,-15.68365],[-47.74641,-15.6852],[-47.74627,-15.68627],[-47.7453,-15.68666],[-47.74429,-15.6872],[-47.74354,-15.68777],[-47.74269,-15.68827],[-47.74205,-15.68893],[-47.74113,-15.6893],[-47.74015,-15.69097],[-47.73953,-15.69168],[-47.73864,-15.69208],[-47.73792,-15.69286],[-47.73711,-15.69327],[-47.7365,-15.6939],[-47.73586,-15.69455],[-47.73531,-15.69529],[-47.73469,-15.696],[-47.73378,-15.69664],[-47.73308,-15.69724],[-47.73246,-15.69787],[-47.73138,-15.6981],[-47.73045,-15.69845],[-47.72941,-15.69863],[-47.72826,-15.69839],[-47.72715,-15.69812],[-47.72607,-15.6979],[-47.72513,-15.69762],[-47.7239,-15.69717],[-47.72252,-15.697],[-47.72127,-15.697],[-47.72025,-15.69732],[-47.71888,-15.69782],[-47.71779,-15.69762],[-47.71681,-15.69732],[-47.71625,-15.69807],[-47.71527,-15.69847],[-47.71415,-15.69863],[-47.71339,-15.6991],[-47.71242,-15.69939],[-47.71122,-15.69969],[-47.71017,-15.70016],[-47.70893,-15.70017],[-47.70779,-15.69997],[-47.70645,-15.70005],[-47.7052,-15.69992],[-47.7043,-15.70042],[-47.70327,-15.70023],[-47.70235,-15.69972],[-47.70158,-15.69924],[-47.70033,-15.69934],[-47.69926,-15.69918],[-47.69807,-15.69931],[-47.697,-15.6995],[-47.69588,-15.70009],[-47.69506,-15.70076],[-47.69391,-15.70093],[-47.69314,-15.70137],[-47.6923,-15.70196],[-47.69109,-15.70213],[-47.6903,-15.70272],[-47.68942,-15.70313],[-47.68833,-15.70339],[-47.68713,-15.70328],[-47.68572,-15.70336],[-47.68478,-15.70366],[-47.6838,-15.70411],[-47.68274,-15.70454],[-47.68188,-15.70501],[-47.68087,-15.70525],[-47.68008,-15.70577],[-47.67918,-15.70615],[-47.67854,-15.70679],[-47.67774,-15.70736],[-47.67674,-15.70712],[-47.676,-15.70764],[-47.67555,-15.70842],[-47.67471,-15.70884],[-47.67456,-15.70993],[-47.67426,-15.70896],[-47.67338,-15.70935],[-47.67331,-15.71048],[-47.67396,-15.71119],[-47.67454,-15.71184],[-47.675,-15.71264],[-47.67572,-15.71334],[-47.67587,-15.71448],[-47.67528,-15.7151],[-47.67494,-15.71597],[-47.67411,-15.71644],[-47.67469,-15.71709],[-47.67567,-15.71743],[-47.67587,-15.71859],[-47.67573,-15.71966],[-47.67507,-15.72059],[-47.67577,-15.72111],[-47.67663,-15.72154],[-47.67638,-15.72271],[-47.67571,-15.72212],[-47.67439,-15.72201],[-47.67455,-15.72306],[-47.67544,-15.72347],[-47.67619,-15.72394],[-47.67635,-15.72505],[-47.67663,-15.72603],[-47.67594,-15.7266],[-47.67551,-15.72739],[-47.67451,-15.72764],[-47.67394,-15.72828],[-47.67368,-15.72935],[-47.67448,-15.72982],[-47.6753,-15.73028],[-47.67474,-15.73097],[-47.67543,-15.73171],[-47.676,-15.73235],[-47.67693,-15.73198],[-47.67784,-15.73255],[-47.67855,-15.73308],[-47.679,-15.73393],[-47.68013,-15.73385],[-47.681,-15.73323],[-47.68158,-15.73249],[-47.68262,-15.73226],[-47.68316,-15.73146],[-47.684,-15.73103],[-47.68508,-15.73072],[-47.68581,-15.73014],[-47.68667,-15.72976],[-47.68752,-15.72937],[-47.68804,-15.72864],[-47.68865,-15.72792],[-47.68932,-15.72736],[-47.69039,-15.72662],[-47.69153,-15.72648],[-47.69248,-15.72613],[-47.69361,-15.72605],[-47.69484,-15.72624],[-47.69571,-15.72659],[-47.69656,-15.72698],[-47.69765,-15.72711],[-47.69897,-15.72714],[-47.69987,-15.72754],[-47.70096,-15.72782],[-47.7017,-15.72837],[-47.70278,-15.72816],[-47.70305,-15.72719],[-47.70364,-15.7263],[-47.70432,-15.72684],[-47.70539,-15.72704],[-47.70653,-15.72696],[-47.70792,-15.72703],[-47.70872,-15.72746],[-47.70969,-15.72711],[-47.71101,-15.72741],[-47.71224,-15.72775],[-47.71308,-15.7283],[-47.71409,-15.72798],[-47.71506,-15.72758],[-47.7162,-15.72728],[-47.71732,-15.7271],[-47.71828,-15.72667],[-47.71866,-15.72563],[-47.7196,-15.72532],[-47.72025,-15.72587],[-47.72098,-15.72642],[-47.722,-15.72677],[-47.72345,-15.72673],[-47.7246,-15.7268],[-47.72546,-15.72716],[-47.72673,-15.72743],[-47.7277,-15.72787],[-47.7289,-15.72794],[-47.72998,-15.7278],[-47.73062,-15.72709],[-47.73154,-15.72681],[-47.73243,-15.72644],[-47.7336,-15.7265],[-47.73455,-15.72676],[-47.73564,-15.72689],[-47.73633,-15.72757],[-47.73725,-15.72786],[-47.73838,-15.72777],[-47.73953,-15.72782],[-47.74067,-15.72792],[-47.74159,-15.72757],[-47.74278,-15.72756],[-47.74335,-15.72683],[-47.7437,-15.72572],[-47.74445,-15.72522],[-47.74485,-15.72436],[-47.74579,-15.72398],[-47.74751,-15.724],[-47.74813,-15.7234],[-47.74873,-15.72268],[-47.74944,-15.72218],[-47.75045,-15.72142],[-47.75108,-15.72078],[-47.7516,-15.71995],[-47.75228,-15.71939],[-47.75311,-15.719],[-47.75408,-15.71815],[-47.75563,-15.7181],[-47.7564,-15.71753],[-47.75768,-15.7174],[-47.75825,-15.71673],[-47.75879,-15.71602],[-47.75939,-15.71521],[-47.76039,-15.71487],[-47.76132,-15.71444],[-47.76173,-15.71357],[-47.76293,-15.71437],[-47.76367,-15.71515],[-47.76449,-15.71601],[-47.76536,-15.71693],[-47.76641,-15.71803],[-47.7673,-15.71896],[-47.76821,-15.7199],[-47.76908,-15.72081],[-47.76987,-15.72164],[-47.77088,-15.72247],[-47.77181,-15.72308],[-47.77265,-15.72351],[-47.77354,-15.72385],[-47.77465,-15.7242],[-47.77575,-15.72442],[-47.77707,-15.72452],[-47.7786,-15.72444],[-47.77982,-15.72424],[-47.78135,-15.72397],[-47.782,-15.72457],[-47.78405,-15.72531],[-47.78494,-15.72563],[-47.78648,-15.72621],[-47.78876,-15.72702],[-47.79007,-15.72751],[-47.79056,-15.72626],[-47.79102,-15.72514],[-47.79153,-15.72421],[-47.79232,-15.72319],[-47.79314,-15.72243],[-47.7939,-15.72186],[-47.79698,-15.71975],[-47.79878,-15.71853],[-47.80027,-15.7175],[-47.80115,-15.71689],[-47.80402,-15.71492],[-47.80545,-15.71394],[-47.80886,-15.71162],[-47.80981,-15.71097],[-47.81067,-15.71037],[-47.81376,-15.70824],[-47.81826,-15.70517],[-47.82086,-15.70338],[-47.82275,-15.70207],[-47.82349,-15.70157],[-47.82507,-15.70049],[-47.82737,-15.69894],[-47.82822,-15.69835],[-47.82941,-15.69752],[-47.83123,-15.69628],[-47.83245,-15.69544],[-47.83404,-15.69434],[-47.83497,-15.69384],[-47.83585,-15.6934],[-47.83707,-15.69306],[-47.83831,-15.69289],[-47.84225,-15.69287],[-47.84466,-15.69286],[-47.84585,-15.69284],[-47.84755,-15.69285],[-47.8489,-15.69285],[-47.85015,-15.69281],[-47.85141,-15.69256],[-47.85255,-15.69216],[-47.8536,-15.6916],[-47.8569,-15.68984],[-47.85805,-15.68924],[-47.8595,-15.68823],[-47.85835,-15.68796],[-47.85724,-15.68775],[-47.85609,-15.68754],[-47.85478,-15.68722],[-47.85308,-15.68668],[-47.85122,-15.68609],[-47.8492,-15.68544],[-47.84825,-15.68514],[-47.84708,-15.68476],[-47.84582,-15.68436],[-47.84398,-15.68377],[-47.8424,-15.68326],[-47.84094,-15.6828],[-47.83922,-15.68225],[-47.8374,-15.68166],[-47.83621,-15.68128],[-47.83422,-15.68065],[-47.83201,-15.67994],[-47.8306,-15.67949],[-47.82922,-15.67902],[-47.82825,-15.67859],[-47.82661,-15.67763],[-47.82482,-15.6764],[-47.82322,-15.6753],[-47.82192,-15.6744],[-47.82058,-15.67348],[-47.81852,-15.67207],[-47.81652,-15.67068],[-47.81342,-15.66858],[-47.81259,-15.66804],[-47.81134,-15.66739],[-47.81016,-15.66683],[-47.80904,-15.66636],[-47.8095,-15.66561],[-47.81029,-15.66483],[-47.81082,-15.66405],[-47.81171,-15.66349],[-47.81242,-15.66269],[-47.81234,-15.66137],[-47.81283,-15.6606],[-47.81326,-15.65941],[-47.81401,-15.65832],[-47.81451,-15.6575],[-47.81557,-15.65715],[-47.81609,-15.65638],[-47.81645,-15.65537],[-47.81705,-15.65466],[-47.81741,-15.65378],[-47.81671,-15.65295],[-47.81625,-15.65155],[-47.81617,-15.65032],[-47.81567,-15.64942],[-47.815,-15.64869],[-47.81429,-15.64777],[-47.81363,-15.64709],[-47.8129,-15.64631],[-47.8127,-15.64528],[-47.81196,-15.64477],[-47.81222,-15.64366],[-47.81303,-15.64321],[-47.81459,-15.64277],[-47.8159,-15.64241],[-47.81765,-15.64191],[-47.81875,-15.64159],[-47.82024,-15.64097],[-47.8209,-15.63991],[-47.82124,-15.63888],[-47.82165,-15.63757],[-47.82219,-15.63622],[-47.82261,-15.63542],[-47.82322,-15.63404],[-47.82385,-15.63298],[-47.82439,-15.63185],[-47.82466,-15.63071],[-47.82477,-15.62926],[-47.82481,-15.6273],[-47.82475,-15.626],[-47.82443,-15.62487],[-47.82389,-15.62389],[-47.82319,-15.62308],[-47.82229,-15.62234],[-47.82125,-15.62185],[-47.82016,-15.62155],[-47.81886,-15.62149],[-47.81742,-15.62172],[-47.81604,-15.62151],[-47.8163,-15.61976],[-47.81686,-15.6187],[-47.81736,-15.61776],[-47.81801,-15.61653],[-47.81846,-15.61571],[-47.8188,-15.6147],[-47.81909,-15.61369],[-47.81942,-15.61252],[-47.81992,-15.6114],[-47.82092,-15.61047],[-47.82212,-15.60959],[-47.82322,-15.60878],[-47.82412,-15.60812],[-47.82581,-15.60688],[-47.82876,-15.6047],[-47.82946,-15.60408],[-47.82997,-15.60306],[-47.83093,-15.60277],[-47.83219,-15.60265],[-47.83333,-15.60276],[-47.83409,-15.60227],[-47.83412,-15.60086],[-47.8342,-15.59956],[-47.83486,-15.59899],[-47.83567,-15.59854],[-47.83598,-15.59761],[-47.83608,-15.59626],[-47.83651,-15.59433],[-47.83686,-15.59336],[-47.83769,-15.59278],[-47.83865,-15.59236],[-47.83974,-15.59191],[-47.84081,-15.59135],[-47.84177,-15.59105],[-47.84255,-15.59053],[-47.84236,-15.58946],[-47.84131,-15.58912],[-47.84188,-15.58844],[-47.84279,-15.58813],[-47.84353,-15.58765],[-47.84391,-15.58682],[-47.84398,-15.58567],[-47.84395,-15.5845],[-47.84422,-15.58357],[-47.84362,-15.58296],[-47.84388,-15.58197],[-47.84344,-15.58117],[-47.84311,-15.58028],[-47.84318,-15.57913],[-47.84309,-15.57794],[-47.84265,-15.57712],[-47.84287,-15.5761],[-47.84334,-15.57537],[-47.84377,-15.57449],[-47.84383,-15.57333],[-47.84297,-15.57298],[-47.84229,-15.57242],[-47.84141,-15.57202],[-47.8404,-15.57181],[-47.83949,-15.57152],[-47.83932,-15.57047],[-47.83917,-15.56936],[-47.83986,-15.56881],[-47.84018,-15.56759],[-47.84086,-15.56707],[-47.84102,-15.56603],[-47.84017,-15.56567],[-47.83947,-15.56512],[-47.83908,-15.56426],[-47.83889,-15.56323],[-47.839,-15.56214],[-47.83961,-15.56155],[-47.84035,-15.56097],[-47.84078,-15.56014],[-47.84085,-15.559],[-47.8406,-15.55796],[-47.84109,-15.55717],[-47.84053,-15.55641],[-47.83903,-15.55436],[-47.83595,-15.55016],[-47.83541,-15.54871],[-47.83543,-15.54724],[-47.83566,-15.54614],[-47.83594,-15.54488],[-47.83624,-15.54355],[-47.83654,-15.54149],[-47.83656,-15.54015],[-47.83643,-15.53823],[-47.83624,-15.53584],[-47.83611,-15.53433],[-47.83593,-15.53219],[-47.83544,-15.53077],[-47.83407,-15.53018],[-47.83274,-15.53018],[-47.8316,-15.53009],[-47.83027,-15.52985],[-47.82834,-15.52912],[-47.82132,-15.52628],[-47.81805,-15.52499],[-47.81501,-15.52378],[-47.81386,-15.5235],[-47.81199,-15.52338],[-47.81075,-15.52353],[-47.80805,-15.52436],[-47.80533,-15.52529],[-47.80353,-15.52562],[-47.80192,-15.52558],[-47.79733,-15.52496],[-47.79502,-15.52466],[-47.79267,-15.52435],[-47.79114,-15.52446],[-47.78953,-15.52504],[-47.78697,-15.52615],[-47.78354,-15.52758],[-47.78242,-15.52807],[-47.78097,-15.52873],[-47.78003,-15.52907],[-47.77854,-15.52937],[-47.77681,-15.52959],[-47.77515,-15.52938],[-47.77379,-15.52888],[-47.77267,-15.52817],[-47.77119,-15.5271],[-47.7701,-15.52665],[-47.76895,-15.52655],[-47.76788,-15.52678],[-47.76621,-15.52743],[-47.76509,-15.52758],[-47.76379,-15.52734]]]]}},{"type":"Feature","id":4,"properties":{"id":4,"nome":"Candangolândia","roman":"XIX"},"geometry":{"type":"MultiPolygon","coordinates":[[[[-47.93232,-15.85129],[-47.93354,-15.85573],[-47.93392,-15.85711],[-47.93424,-15.85831],[-47.93473,-15.86006],[-47.93499,-15.86106],[-47.93608,-15.86172],[-47.93947,-15.8639],[-47.94038,-15.86449],[-47.94418,-15.86694],[-47.94563,-15.86786],[-47.94825,-15.86953],[-47.94916,-15.87011],[-47.95056,-15.87101],[-47.95177,-15.87179],[-47.95521,-15.87375],[-47.95627,-15.87429],[-47.95729,-15.87458],[-47.95874,-15.87455],[-47.95832,-15.87193],[-47.95767,-15.86785],[-47.95687,-15.86291],[-47.95646,-15.86027],[-47.95604,-15.85769],[-47.95508,-15.85174],[-47.95465,-15.84903],[-47.95415,-15.84592],[-47.9538,-15.84377],[-47.95337,-15.84109],[-47.95044,-15.84146],[-47.94646,-15.84267],[-47.94509,-15.84317],[-47.94293,-15.84386],[-47.94136,-15.84434],[-47.94011,-15.84456],[-47.9371,-15.84475],[-47.93148,-15.8451],[-47.93168,-15.84794],[-47.93183,-15.84927],[-47.93225,-15.85104],[-47.93232,-15.85129]]]]}},{"type":"Feature","id":5,"properties":{"id":5,"nome":"Riacho Fundo II","roman":"XXI"},"geometry":{"type":"MultiPolygon","coordinates":[[[[-48.03837,-15.8744],[-48.0388,-15.87528],[-48.0393,-15.87604],[-48.0398,-15.87682],[-48.03981,-15.87803],[-48.03962,-15.87908],[-48.03947,-15.88033],[-48.0397,-15.88143],[-48.03962,-15.88259],[-48.03913,-15.88333],[-48.038,-15.88362],[-48.03726,-15.88414],[-48.03657,-15.88467],[-48.03574,-15.88523],[-48.03483,-15.8856],[-48.03488,-15.8868],[-48.03429,-15.88756],[-48.03351,-15.88801],[-48.0325,-15.8882],[-48.03115,-15.88897],[-48.03045,-15.88955],[-48.02949,-15.88995],[-48.02854,-15.89031],[-48.02747,-15.89049],[-48.02696,-15.89121],[-48.02649,-15.89195],[-48.02584,-15.89251],[-48.02546,-15.89333],[-48.02511,-15.89421],[-48.02445,-15.89478],[-48.02375,-15.8953],[-48.02335,-15.89611],[-48.02283,-15.89685],[-48.02249,-15.89774],[-48.02153,-15.89747],[-48.02117,-15.89832],[-48.02018,-15.89854],[-48.01965,-15.89922],[-48.01903,-15.89986],[-48.01819,-15.90026],[-48.01785,-15.90113],[-48.0173,-15.90184],[-48.0164,-15.90215],[-48.01579,-15.90278],[-48.01518,-15.90337],[-48.01448,-15.90388],[-48.01394,-15.90454],[-48.01319,-15.905],[-48.01237,-15.90541],[-48.01168,-15.90595],[-48.01061,-15.90611],[-48.00954,-15.90658],[-48.00896,-15.90766],[-48.00799,-15.90844],[-48.00698,-15.90883],[-48.00569,-15.9089],[-48.00455,-15.90937],[-48.00372,-15.91011],[-48.00309,-15.91087],[-48.00264,-15.91175],[-48.0029,-15.91272],[-48.00243,-15.91347],[-48.00164,-15.91453],[-48.0012,-15.91529],[-48.00074,-15.91604],[-48.0008,-15.91719],[-48.00028,-15.91787],[-47.99974,-15.91854],[-48.00019,-15.9193],[-48.00066,-15.92028],[-47.99963,-15.92166],[-47.99861,-15.92109],[-47.99731,-15.92055],[-47.99568,-15.92027],[-47.99433,-15.92012],[-47.99311,-15.92081],[-47.99178,-15.92134],[-47.99093,-15.9217],[-47.9899,-15.92219],[-47.98893,-15.92273],[-47.98832,-15.92337],[-47.98749,-15.92387],[-47.98641,-15.92419],[-47.98561,-15.92484],[-47.98441,-15.92494],[-47.98356,-15.92568],[-47.98352,-15.92693],[-47.98358,-15.9282],[-47.98426,-15.92886],[-47.98495,-15.92967],[-47.98571,-15.93024],[-47.98674,-15.93074],[-47.98761,-15.93152],[-47.98857,-15.9323],[-47.9894,-15.93276],[-47.99025,-15.93322],[-47.99129,-15.93376],[-47.99245,-15.93481],[-47.99317,-15.93537],[-47.99369,-15.93618],[-47.99451,-15.93671],[-47.99517,-15.93727],[-47.99596,-15.93777],[-47.99672,-15.93828],[-47.99708,-15.93962],[-47.99781,-15.94059],[-47.99841,-15.94126],[-47.99924,-15.942],[-48.0,-15.94268],[-48.0008,-15.94339],[-48.00114,-15.94443],[-48.00158,-15.94525],[-48.00122,-15.94639],[-48.00007,-15.94758],[-48.00083,-15.94825],[-48.00154,-15.9489],[-48.00394,-15.95106],[-48.0055,-15.95246],[-48.00669,-15.95352],[-48.00945,-15.95599],[-48.01095,-15.95733],[-48.01204,-15.95832],[-48.01384,-15.95993],[-48.0163,-15.96215],[-48.01698,-15.96275],[-48.01805,-15.96372],[-48.01879,-15.96447],[-48.01966,-15.96529],[-48.02072,-15.96614],[-48.02161,-15.96506],[-48.02259,-15.96387],[-48.02363,-15.96269],[-48.02591,-15.95998],[-48.0269,-15.9588],[-48.02768,-15.9579],[-48.02841,-15.95705],[-48.02936,-15.95592],[-48.02995,-15.95523],[-48.03069,-15.95436],[-48.03154,-15.95336],[-48.03263,-15.95207],[-48.03382,-15.95067],[-48.0345,-15.94989],[-48.03517,-15.94907],[-48.03606,-15.94803],[-48.03714,-15.94676],[-48.03822,-15.94543],[-48.03927,-15.94397],[-48.03981,-15.94317],[-48.04029,-15.94238],[-48.04111,-15.94092],[-48.04169,-15.93974],[-48.04215,-15.9387],[-48.04277,-15.93714],[-48.04342,-15.93518],[-48.04404,-15.93325],[-48.04442,-15.93208],[-48.04474,-15.93108],[-48.04512,-15.92993],[-48.04546,-15.92882],[-48.04582,-15.92771],[-48.04615,-15.92668],[-48.0465,-15.92557],[-48.04686,-15.92447],[-48.04726,-15.92326],[-48.04759,-15.92216],[-48.04797,-15.92096],[-48.04833,-15.91986],[-48.04869,-15.91871],[-48.04904,-15.91761],[-48.0494,-15.91656],[-48.04982,-15.91523],[-48.05013,-15.91419],[-48.05066,-15.91255],[-48.05098,-15.91155],[-48.05134,-15.91041],[-48.05211,-15.90799],[-48.05256,-15.90658],[-48.05338,-15.90404],[-48.05413,-15.90166],[-48.05478,-15.89962],[-48.05555,-15.89726],[-48.05632,-15.89485],[-48.05688,-15.8931],[-48.05748,-15.8912],[-48.05819,-15.88904],[-48.0586,-15.88773],[-48.05916,-15.88599],[-48.05967,-15.88447],[-48.06021,-15.88284],[-48.05874,-15.88197],[-48.05769,-15.88157],[-48.05666,-15.88122],[-48.0547,-15.88021],[-48.05386,-15.87969],[-48.05313,-15.87917],[-48.05151,-15.87813],[-48.05071,-15.87759],[-48.04996,-15.87708],[-48.04917,-15.87654],[-48.04844,-15.87603],[-48.04754,-15.87545],[-48.04617,-15.87456],[-48.04499,-15.87409],[-48.04385,-15.87383],[-48.04237,-15.87382],[-48.04118,-15.87398],[-48.0396,-15.87424],[-48.03837,-15.8744]]]]}},{"type":"Feature","id":6,"properties":{"id":6,"nome":"Riacho Fundo","roman":"XVII"},"geometry":{"type":"MultiPolygon","coordinates":[[[[-48.01192,-15.87822],[-48.01076,-15.87815],[-48.00851,-15.87796],[-48.00565,-15.87772],[-48.00318,-15.87752],[-48.00143,-15.87736],[-48.00024,-15.87992],[-47.99905,-15.8798],[-47.99742,-15.87983],[-47.99615,-15.87978],[-47.99525,-15.87944],[-47.99444,-15.87881],[-47.99344,-15.87832],[-47.99235,-15.87808],[-47.99051,-15.878],[-47.98919,-15.87794],[-47.98798,-15.87781],[-47.987,-15.87754],[-47.98566,-15.87756],[-47.98454,-15.87775],[-47.98351,-15.87809],[-47.98244,-15.87792],[-47.98104,-15.87807],[-47.98041,-15.87728],[-47.98006,-15.87817],[-47.97966,-15.87931],[-47.97909,-15.88037],[-47.97992,-15.88074],[-47.98094,-15.88094],[-47.98154,-15.88154],[-47.98234,-15.88199],[-47.98353,-15.88195],[-47.98446,-15.88223],[-47.98511,-15.8828],[-47.98583,-15.88328],[-47.98678,-15.88353],[-47.98741,-15.88411],[-47.98811,-15.88467],[-47.98852,-15.8855],[-47.98879,-15.88665],[-47.98871,-15.88784],[-47.98913,-15.88866],[-47.98877,-15.88954],[-47.98888,-15.89075],[-47.98873,-15.89181],[-47.98883,-15.89291],[-47.98922,-15.89385],[-47.98898,-15.89486],[-47.98878,-15.89589],[-47.98845,-15.8968],[-47.98789,-15.89775],[-47.98761,-15.89875],[-47.98785,-15.89972],[-47.9879,-15.90089],[-47.98761,-15.9018],[-47.98742,-15.90292],[-47.98695,-15.90368],[-47.98625,-15.90433],[-47.98569,-15.90497],[-47.98592,-15.90603],[-47.98626,-15.90692],[-47.9857,-15.90781],[-47.98511,-15.90868],[-47.98469,-15.90949],[-47.98429,-15.91049],[-47.98409,-15.91151],[-47.98381,-15.91253],[-47.98356,-15.91356],[-47.98343,-15.91489],[-47.98301,-15.91576],[-47.98233,-15.91636],[-47.98189,-15.91731],[-47.98203,-15.91843],[-47.98183,-15.91948],[-47.98187,-15.92065],[-47.98192,-15.92185],[-47.98226,-15.92304],[-47.98288,-15.92372],[-47.9835,-15.92441],[-47.9843,-15.92493],[-47.98551,-15.92491],[-47.98615,-15.92433],[-47.9873,-15.92393],[-47.9882,-15.92353],[-47.98878,-15.92286],[-47.98961,-15.92232],[-47.99056,-15.92198],[-47.99156,-15.92141],[-47.99281,-15.92099],[-47.99354,-15.9204],[-47.99475,-15.92013],[-47.99661,-15.9204],[-47.99782,-15.92073],[-47.99901,-15.92129],[-48.00089,-15.92062],[-48.00037,-15.9198],[-48.0,-15.91894],[-48.00019,-15.91791],[-48.00084,-15.91734],[-48.00048,-15.91633],[-48.00102,-15.91561],[-48.00148,-15.91479],[-48.00225,-15.91368],[-48.00281,-15.91297],[-48.00264,-15.91175],[-48.00309,-15.91087],[-48.00372,-15.91011],[-48.00433,-15.90948],[-48.00528,-15.90908],[-48.00698,-15.90883],[-48.00799,-15.90844],[-48.00896,-15.90766],[-48.00954,-15.90658],[-48.01038,-15.90619],[-48.01144,-15.90605],[-48.01213,-15.90553],[-48.01303,-15.90519],[-48.01375,-15.90467],[-48.01441,-15.9041],[-48.01496,-15.90343],[-48.01563,-15.90283],[-48.01626,-15.90225],[-48.0171,-15.90186],[-48.01775,-15.90126],[-48.0182,-15.90051],[-48.01893,-15.90003],[-48.01951,-15.89939],[-48.02007,-15.89873],[-48.02108,-15.89851],[-48.02131,-15.8975],[-48.02214,-15.89788],[-48.0228,-15.89732],[-48.02313,-15.89642],[-48.02358,-15.89566],[-48.02414,-15.895],[-48.02474,-15.89439],[-48.02518,-15.89357],[-48.02584,-15.89301],[-48.02624,-15.89218],[-48.02688,-15.89161],[-48.02727,-15.89072],[-48.0281,-15.89034],[-48.02949,-15.88995],[-48.03045,-15.88955],[-48.03115,-15.88897],[-48.03217,-15.88846],[-48.03293,-15.88786],[-48.03392,-15.8876],[-48.03457,-15.88694],[-48.03502,-15.88615],[-48.03529,-15.88522],[-48.03626,-15.88491],[-48.03726,-15.88414],[-48.038,-15.88362],[-48.03877,-15.88301],[-48.03962,-15.88259],[-48.0397,-15.88143],[-48.03947,-15.88033],[-48.03962,-15.87908],[-48.03981,-15.87803],[-48.0398,-15.87682],[-48.0393,-15.87604],[-48.0388,-15.87528],[-48.03837,-15.8744],[-48.03662,-15.87463],[-48.0347,-15.87493],[-48.03288,-15.8752],[-48.0315,-15.87538],[-48.02942,-15.87569],[-48.02776,-15.87591],[-48.02598,-15.87617],[-48.02488,-15.87644],[-48.02368,-15.87666],[-48.02206,-15.87689],[-48.02093,-15.87705],[-48.01931,-15.87726],[-48.01814,-15.87743],[-48.01683,-15.87761],[-48.01556,-15.8778],[-48.01433,-15.87797],[-48.01329,-15.87813],[-48.01192,-15.87822]]]]}},{"type":"Feature","id":7,"properties":{"id":7,"nome":"Recanto das Emas","roman":"XV"},"geometry":{"type":"MultiPolygon","coordinates":[[[[-48.04686,-15.92447],[-48.0465,-15.92557],[-48.04615,-15.92668],[-48.04582,-15.92771],[-48.04546,-15.92882],[-48.04512,-15.92993],[-48.04474,-15.93108],[-48.04442,-15.93208],[-48.04404,-15.93325],[-48.04369,-15.93432],[-48.04305,-15.93634],[-48.04248,-15.93791],[-48.04169,-15.93974],[-48.04111,-15.94092],[-48.04063,-15.94179],[-48.0402,-15.94256],[-48.03927,-15.94397],[-48.03868,-15.94483],[-48.03886,-15.94642],[-48.03942,-15.94737],[-48.03995,-15.9482],[-48.04047,-15.94888],[-48.04141,-15.94988],[-48.04225,-15.95058],[-48.04308,-15.95116],[-48.04393,-15.95165],[-48.04484,-15.952],[-48.046,-15.95244],[-48.0475,-15.95291],[-48.04849,-15.95316],[-48.05028,-15.95332],[-48.05236,-15.9531],[-48.05373,-15.95271],[-48.05481,-15.95225],[-48.05583,-15.95165],[-48.05823,-15.95017],[-48.05916,-15.9496],[-48.06095,-15.94849],[-48.0617,-15.94804],[-48.06269,-15.94765],[-48.06404,-15.9468],[-48.06499,-15.9462],[-48.06642,-15.94529],[-48.0674,-15.94469],[-48.0685,-15.94403],[-48.06935,-15.9435],[-48.07024,-15.94295],[-48.07122,-15.94234],[-48.07264,-15.94145],[-48.07339,-15.94097],[-48.0742,-15.94051],[-48.07495,-15.93998],[-48.07577,-15.93947],[-48.07675,-15.9391],[-48.07774,-15.93882],[-48.07919,-15.93889],[-48.08023,-15.93926],[-48.08107,-15.93989],[-48.08199,-15.94089],[-48.08268,-15.94168],[-48.08466,-15.94026],[-48.0856,-15.93953],[-48.08632,-15.93896],[-48.08729,-15.9382],[-48.08828,-15.93743],[-48.09036,-15.93575],[-48.09125,-15.93503],[-48.09169,-15.93402],[-48.09254,-15.93323],[-48.09407,-15.93241],[-48.09523,-15.93253],[-48.0962,-15.93286],[-48.09681,-15.93351],[-48.0976,-15.93394],[-48.09835,-15.93445],[-48.09888,-15.93522],[-48.09986,-15.93555],[-48.10059,-15.93636],[-48.10141,-15.93696],[-48.10228,-15.93745],[-48.10274,-15.93853],[-48.10312,-15.93961],[-48.1035,-15.94048],[-48.10375,-15.94175],[-48.10441,-15.94234],[-48.10509,-15.94294],[-48.10537,-15.94419],[-48.10628,-15.9445],[-48.10666,-15.94536],[-48.1072,-15.9462],[-48.10784,-15.9468],[-48.10831,-15.94757],[-48.10898,-15.94819],[-48.10953,-15.94893],[-48.11035,-15.94933],[-48.11094,-15.95012],[-48.11147,-15.95083],[-48.11234,-15.95133],[-48.11371,-15.95115],[-48.11461,-15.95153],[-48.11536,-15.95212],[-48.11633,-15.95246],[-48.11711,-15.95299],[-48.11829,-15.95334],[-48.11917,-15.95368],[-48.12024,-15.95382],[-48.12064,-15.9548],[-48.12137,-15.9554],[-48.1224,-15.95512],[-48.12253,-15.954],[-48.12235,-15.95292],[-48.123,-15.95223],[-48.12328,-15.95123],[-48.12371,-15.9504],[-48.1243,-15.94946],[-48.12483,-15.94866],[-48.12547,-15.94803],[-48.12568,-15.94699],[-48.12647,-15.94641],[-48.12669,-15.94536],[-48.12683,-15.94426],[-48.12657,-15.9433],[-48.12669,-15.94221],[-48.12743,-15.94274],[-48.12846,-15.94251],[-48.13042,-15.94271],[-48.13137,-15.9432],[-48.13339,-15.94486],[-48.13451,-15.94521],[-48.1358,-15.94521],[-48.1371,-15.94492],[-48.13847,-15.94442],[-48.13948,-15.94396],[-48.14057,-15.94376],[-48.14171,-15.9433],[-48.1429,-15.94321],[-48.144,-15.94303],[-48.14529,-15.94311],[-48.14697,-15.94344],[-48.14802,-15.94422],[-48.14885,-15.94484],[-48.15001,-15.9453],[-48.15089,-15.94572],[-48.15157,-15.94635],[-48.15243,-15.94669],[-48.15337,-15.94714],[-48.15346,-15.94555],[-48.15357,-15.94394],[-48.15342,-15.94089],[-48.15329,-15.93806],[-48.15323,-15.93673],[-48.15314,-15.93444],[-48.15416,-15.93465],[-48.15482,-15.9357],[-48.15539,-15.93662],[-48.15679,-15.93713],[-48.15766,-15.93783],[-48.15831,-15.93838],[-48.15903,-15.93904],[-48.15989,-15.93997],[-48.16039,-15.94094],[-48.16103,-15.94256],[-48.16157,-15.94339],[-48.16209,-15.94415],[-48.16273,-15.94522],[-48.16298,-15.94635],[-48.16407,-15.94686],[-48.16566,-15.94682],[-48.16752,-15.9467],[-48.16937,-15.94656],[-48.17085,-15.94645],[-48.17209,-15.94636],[-48.17301,-15.94708],[-48.17448,-15.94679],[-48.17559,-15.94652],[-48.17668,-15.94629],[-48.17774,-15.94649],[-48.17878,-15.94666],[-48.18007,-15.94635],[-48.18125,-15.94604],[-48.18242,-15.94589],[-48.18429,-15.94568],[-48.18555,-15.94555],[-48.18665,-15.94575],[-48.18726,-15.94671],[-48.18711,-15.94779],[-48.18685,-15.94884],[-48.18659,-15.94982],[-48.18676,-15.95099],[-48.18698,-15.95199],[-48.18693,-15.95329],[-48.18746,-15.95441],[-48.18792,-15.95543],[-48.18841,-15.95615],[-48.18884,-15.9572],[-48.18934,-15.95794],[-48.18988,-15.95868],[-48.19069,-15.95941],[-48.19128,-15.96004],[-48.19199,-15.96065],[-48.1924,-15.96152],[-48.19255,-15.96268],[-48.1929,-15.96359],[-48.19394,-15.96336],[-48.19493,-15.96309],[-48.19597,-15.96293],[-48.19689,-15.96337],[-48.19788,-15.96366],[-48.19914,-15.96347],[-48.19996,-15.96291],[-48.20061,-15.96228],[-48.20128,-15.96284],[-48.20219,-15.96327],[-48.20344,-15.96339],[-48.20422,-15.96398],[-48.20529,-15.96436],[-48.20629,-15.96468],[-48.20761,-15.96476],[-48.20858,-15.96503],[-48.20977,-15.965],[-48.21082,-15.96517],[-48.21153,-15.96574],[-48.21231,-15.96621],[-48.21323,-15.96593],[-48.21415,-15.96637],[-48.21457,-15.96725],[-48.21564,-15.96745],[-48.21649,-15.96783],[-48.21709,-15.96846],[-48.21787,-15.96896],[-48.21853,-15.96952],[-48.21977,-15.96964],[-48.22081,-15.96981],[-48.22135,-15.97059],[-48.22239,-15.9704],[-48.22358,-15.97034],[-48.22451,-15.96995],[-48.225,-15.97098],[-48.22616,-15.9711],[-48.22739,-15.97117],[-48.22852,-15.97124],[-48.22924,-15.97056],[-48.23034,-15.97101],[-48.23123,-15.97133],[-48.23223,-15.97182],[-48.23336,-15.97196],[-48.23443,-15.97182],[-48.23543,-15.97211],[-48.23669,-15.97223],[-48.23782,-15.97246],[-48.23842,-15.97181],[-48.23928,-15.97145],[-48.23996,-15.97086],[-48.24016,-15.97197],[-48.24111,-15.97168],[-48.24185,-15.9723],[-48.24281,-15.97257],[-48.2437,-15.9729],[-48.24475,-15.9727],[-48.24561,-15.97227],[-48.24596,-15.97327],[-48.24659,-15.97394],[-48.24706,-15.97473],[-48.24742,-15.97563],[-48.24854,-15.97576],[-48.24968,-15.9756],[-48.2507,-15.97585],[-48.25168,-15.97611],[-48.25328,-15.97588],[-48.25348,-15.97694],[-48.25479,-15.97708],[-48.25628,-15.9771],[-48.25715,-15.97753],[-48.2584,-15.97733],[-48.25796,-15.97654],[-48.25906,-15.97644],[-48.25917,-15.97521],[-48.2597,-15.97431],[-48.25929,-15.9734],[-48.25807,-15.97317],[-48.25841,-15.97203],[-48.25888,-15.97111],[-48.25939,-15.97025],[-48.25986,-15.9695],[-48.26052,-15.96895],[-48.26012,-15.96811],[-48.26025,-15.96692],[-48.25944,-15.96642],[-48.25874,-15.96588],[-48.25795,-15.96512],[-48.25759,-15.96415],[-48.25706,-15.96347],[-48.25601,-15.96327],[-48.25644,-15.96245],[-48.25736,-15.96215],[-48.25682,-15.96142],[-48.25594,-15.96181],[-48.2552,-15.96127],[-48.25585,-15.96029],[-48.25549,-15.95934],[-48.25457,-15.95903],[-48.25457,-15.95767],[-48.25409,-15.95688],[-48.25354,-15.95614],[-48.25269,-15.95573],[-48.2515,-15.95575],[-48.25144,-15.95445],[-48.25171,-15.95342],[-48.25186,-15.95229],[-48.25206,-15.95125],[-48.25218,-15.95006],[-48.25214,-15.94884],[-48.25296,-15.94844],[-48.25342,-15.94751],[-48.25331,-15.94641],[-48.25213,-15.94728],[-48.25122,-15.94798],[-48.25019,-15.94777],[-48.2506,-15.94586],[-48.25074,-15.94437],[-48.25158,-15.94396],[-48.25197,-15.94482],[-48.25282,-15.94442],[-48.25282,-15.94298],[-48.25231,-15.94164],[-48.25257,-15.94052],[-48.25232,-15.93935],[-48.25162,-15.93839],[-48.25162,-15.93702],[-48.2521,-15.93608],[-48.2519,-15.935],[-48.25121,-15.9343],[-48.25052,-15.93373],[-48.24942,-15.93388],[-48.24824,-15.93383],[-48.24718,-15.9335],[-48.24645,-15.93302],[-48.24601,-15.93206],[-48.24486,-15.93194],[-48.24368,-15.93206],[-48.24196,-15.93154],[-48.24093,-15.93093],[-48.24028,-15.93023],[-48.23993,-15.92937],[-48.23887,-15.92921],[-48.23804,-15.92958],[-48.2375,-15.93025],[-48.23704,-15.93112],[-48.2363,-15.93185],[-48.23565,-15.9325],[-48.23488,-15.93313],[-48.23445,-15.93391],[-48.2347,-15.9349],[-48.23387,-15.9353],[-48.2333,-15.93466],[-48.2328,-15.93395],[-48.23177,-15.93369],[-48.23103,-15.93322],[-48.23026,-15.93272],[-48.22992,-15.93183],[-48.22914,-15.93238],[-48.22856,-15.93171],[-48.22772,-15.93209],[-48.227,-15.93261],[-48.22636,-15.9332],[-48.22601,-15.93409],[-48.22489,-15.93424],[-48.22391,-15.93447],[-48.22335,-15.9352],[-48.22281,-15.93597],[-48.22203,-15.93552],[-48.2218,-15.93454],[-48.22101,-15.93412],[-48.21998,-15.93438],[-48.21909,-15.93485],[-48.21795,-15.93435],[-48.21491,-15.933],[-48.21272,-15.93203],[-48.21177,-15.9315],[-48.20819,-15.92929],[-48.20696,-15.92853],[-48.20516,-15.9274],[-48.20323,-15.92614],[-48.20236,-15.92553],[-48.20123,-15.92476],[-48.19995,-15.92397],[-48.19825,-15.92326],[-48.19664,-15.92263],[-48.19427,-15.92173],[-48.19339,-15.92138],[-48.19053,-15.92028],[-48.18961,-15.91993],[-48.18868,-15.91966],[-48.18749,-15.91972],[-48.18652,-15.92023],[-48.18519,-15.92146],[-48.18365,-15.92291],[-48.1827,-15.92348],[-48.18151,-15.92356],[-48.1804,-15.92303],[-48.17981,-15.9222],[-48.17951,-15.92079],[-48.17915,-15.91984],[-48.17842,-15.91908],[-48.17747,-15.91864],[-48.17616,-15.91824],[-48.17496,-15.91807],[-48.17371,-15.91828],[-48.17274,-15.91879],[-48.172,-15.91952],[-48.17112,-15.92088],[-48.17054,-15.9218],[-48.16999,-15.92254],[-48.16789,-15.92322],[-48.16642,-15.92359],[-48.16555,-15.92106],[-48.16495,-15.91899],[-48.16441,-15.91706],[-48.16398,-15.91572],[-48.16348,-15.91485],[-48.16281,-15.91404],[-48.16181,-15.91325],[-48.16075,-15.91274],[-48.15929,-15.9123],[-48.15661,-15.91147],[-48.15413,-15.91072],[-48.15136,-15.90989],[-48.14903,-15.90921],[-48.14734,-15.90869],[-48.1452,-15.90804],[-48.14267,-15.90728],[-48.14048,-15.9066],[-48.13952,-15.90626],[-48.13765,-15.90554],[-48.1347,-15.90464],[-48.13205,-15.90386],[-48.12957,-15.90312],[-48.12666,-15.90225],[-48.1236,-15.90132],[-48.12076,-15.90047],[-48.11776,-15.89957],[-48.11525,-15.89881],[-48.11208,-15.89787],[-48.10932,-15.89702],[-48.10689,-15.89629],[-48.10406,-15.89543],[-48.10166,-15.89473],[-48.09838,-15.89373],[-48.0964,-15.89313],[-48.09431,-15.8925],[-48.08993,-15.89117],[-48.08687,-15.89027],[-48.08401,-15.88939],[-48.08098,-15.88851],[-48.07798,-15.88758],[-48.07523,-15.88676],[-48.07202,-15.88579],[-48.07024,-15.88525],[-48.0677,-15.88447],[-48.06468,-15.88354],[-48.06259,-15.88311],[-48.06089,-15.88262],[-48.05967,-15.88447],[-48.05916,-15.88599],[-48.0586,-15.88773],[-48.05819,-15.88904],[-48.05748,-15.8912],[-48.05688,-15.8931],[-48.05632,-15.89485],[-48.05555,-15.89726],[-48.05478,-15.89962],[-48.05413,-15.90166],[-48.05338,-15.90404],[-48.05256,-15.90658],[-48.05211,-15.90799],[-48.05134,-15.91041],[-48.05098,-15.91155],[-48.05066,-15.91255],[-48.05013,-15.91419],[-48.04982,-15.91523],[-48.0494,-15.91656],[-48.04904,-15.91761],[-48.04869,-15.91871],[-48.04833,-15.91986],[-48.04797,-15.92096],[-48.04759,-15.92216],[-48.04726,-15.92326],[-48.04686,-15.92447]]]]}},{"type":"Feature","id":8,"properties":{"id":8,"nome":"Lago Sul","roman":"XVI"},"geometry":{"type":"MultiPolygon","coordinates":[[[[-47.80373,-15.7926],[-47.80258,-15.79273],[-47.80302,-15.79376],[-47.80204,-15.7941],[-47.8013,-15.79466],[-47.80015,-15.79472],[-47.79858,-15.79521],[-47.79871,-15.79639],[-47.79833,-15.79732],[-47.79783,-15.79602],[-47.79687,-15.7963],[-47.79594,-15.79594],[-47.79553,-15.79674],[-47.79482,-15.7962],[-47.79371,-15.79635],[-47.79276,-15.79589],[-47.79187,-15.79549],[-47.79081,-15.79564],[-47.78953,-15.79576],[-47.78921,-15.79691],[-47.78945,-15.79797],[-47.78985,-15.79886],[-47.78928,-15.79958],[-47.78844,-15.8003],[-47.78756,-15.80146],[-47.78674,-15.80185],[-47.78586,-15.80223],[-47.7862,-15.80393],[-47.78657,-15.80557],[-47.788,-15.80874],[-47.7884,-15.80962],[-47.78913,-15.81105],[-47.78969,-15.8121],[-47.79103,-15.81463],[-47.79286,-15.8181],[-47.79368,-15.82009],[-47.79417,-15.82115],[-47.79473,-15.82225],[-47.79521,-15.82307],[-47.79567,-15.82386],[-47.79691,-15.82573],[-47.79786,-15.82701],[-47.79917,-15.8287],[-47.80014,-15.82995],[-47.80076,-15.83074],[-47.80192,-15.83225],[-47.80286,-15.83348],[-47.80356,-15.83438],[-47.8043,-15.83533],[-47.80482,-15.83602],[-47.80571,-15.83714],[-47.80631,-15.83793],[-47.80692,-15.83871],[-47.80783,-15.83988],[-47.80987,-15.84251],[-47.8124,-15.84578],[-47.81321,-15.84664],[-47.81394,-15.84746],[-47.81484,-15.84879],[-47.81532,-15.84955],[-47.81588,-15.85068],[-47.81631,-15.8516],[-47.81722,-15.85437],[-47.81821,-15.85762],[-47.81926,-15.86102],[-47.81984,-15.86293],[-47.82047,-15.86402],[-47.82373,-15.86257],[-47.829,-15.8601],[-47.83027,-15.85951],[-47.83603,-15.86227],[-47.83697,-15.8628],[-47.84222,-15.86576],[-47.84301,-15.86621],[-47.84505,-15.86281],[-47.84426,-15.86236],[-47.84292,-15.86161],[-47.84523,-15.86027],[-47.84606,-15.85979],[-47.8473,-15.85908],[-47.84979,-15.85764],[-47.85063,-15.85715],[-47.85357,-15.85663],[-47.85455,-15.85755],[-47.85561,-15.85854],[-47.85522,-15.86048],[-47.85485,-15.86153],[-47.85393,-15.86415],[-47.85222,-15.86644],[-47.85116,-15.86869],[-47.8538,-15.86985],[-47.85652,-15.87104],[-47.85608,-15.87317],[-47.8582,-15.87422],[-47.85971,-15.87497],[-47.86053,-15.87537],[-47.86687,-15.87851],[-47.86867,-15.8794],[-47.8702,-15.88016],[-47.87431,-15.88215],[-47.87528,-15.88262],[-47.87996,-15.88488],[-47.88178,-15.88689],[-47.88234,-15.88754],[-47.88501,-15.89063],[-47.89278,-15.89964],[-47.89367,-15.90067],[-47.89212,-15.90242],[-47.89081,-15.90391],[-47.88851,-15.90652],[-47.8838,-15.91186],[-47.88256,-15.91326],[-47.8833,-15.91374],[-47.8845,-15.91348],[-47.88544,-15.9131],[-47.88658,-15.91252],[-47.88761,-15.91192],[-47.88838,-15.91139],[-47.88949,-15.91124],[-47.89074,-15.91146],[-47.89212,-15.91159],[-47.89336,-15.91171],[-47.89461,-15.91171],[-47.89555,-15.91133],[-47.89638,-15.91177],[-47.8976,-15.9119],[-47.89874,-15.91206],[-47.89987,-15.91182],[-47.90093,-15.91165],[-47.90211,-15.91158],[-47.90333,-15.91179],[-47.90427,-15.91211],[-47.90509,-15.91169],[-47.90605,-15.91199],[-47.90695,-15.91241],[-47.90822,-15.9121],[-47.90863,-15.9113],[-47.9093,-15.91064],[-47.90986,-15.90983],[-47.91093,-15.90953],[-47.91207,-15.9096],[-47.9126,-15.90881],[-47.91247,-15.90766],[-47.91204,-15.90676],[-47.91171,-15.90584],[-47.91114,-15.90506],[-47.91112,-15.90382],[-47.91084,-15.90281],[-47.91081,-15.90145],[-47.91063,-15.90043],[-47.91016,-15.89944],[-47.90957,-15.89869],[-47.9089,-15.89772],[-47.90835,-15.897],[-47.90886,-15.89622],[-47.90797,-15.89547],[-47.90737,-15.89468],[-47.90711,-15.89363],[-47.9066,-15.8929],[-47.90642,-15.89179],[-47.90576,-15.89114],[-47.90594,-15.88996],[-47.90612,-15.88885],[-47.90619,-15.88766],[-47.90624,-15.88636],[-47.90649,-15.88526],[-47.9058,-15.88465],[-47.90565,-15.88356],[-47.90604,-15.88266],[-47.90599,-15.8815],[-47.90724,-15.88137],[-47.90846,-15.88134],[-47.90942,-15.88165],[-47.91021,-15.88211],[-47.91109,-15.88248],[-47.91279,-15.88263],[-47.91489,-15.883],[-47.91605,-15.88337],[-47.9173,-15.88343],[-47.9186,-15.88354],[-47.91986,-15.88368],[-47.92101,-15.88416],[-47.92191,-15.88452],[-47.92305,-15.88469],[-47.92399,-15.88505],[-47.92468,-15.8856],[-47.92532,-15.88629],[-47.9262,-15.88665],[-47.92709,-15.88702],[-47.92773,-15.8876],[-47.92844,-15.88822],[-47.92916,-15.8887],[-47.92982,-15.88927],[-47.93062,-15.88982],[-47.93133,-15.89037],[-47.93225,-15.89071],[-47.93295,-15.89123],[-47.93362,-15.89177],[-47.93463,-15.89229],[-47.93516,-15.89303],[-47.93607,-15.89336],[-47.937,-15.89366],[-47.93782,-15.89404],[-47.9385,-15.89474],[-47.93918,-15.89526],[-47.94002,-15.89566],[-47.94087,-15.89608],[-47.94316,-15.89572],[-47.94462,-15.89541],[-47.94571,-15.89519],[-47.94653,-15.89436],[-47.94722,-15.89307],[-47.94844,-15.89083],[-47.94898,-15.88986],[-47.95051,-15.88705],[-47.95187,-15.88452],[-47.95626,-15.88128],[-47.95616,-15.88011],[-47.94984,-15.8765],[-47.94898,-15.87601],[-47.94811,-15.87555],[-47.94696,-15.875],[-47.94559,-15.87434],[-47.9441,-15.87364],[-47.94311,-15.87317],[-47.93801,-15.87072],[-47.93663,-15.87006],[-47.93622,-15.86927],[-47.93657,-15.86831],[-47.93663,-15.86706],[-47.93616,-15.86531],[-47.9358,-15.86398],[-47.93551,-15.86295],[-47.93526,-15.86195],[-47.93481,-15.86047],[-47.93449,-15.85921],[-47.93392,-15.85711],[-47.93354,-15.85573],[-47.93249,-15.85191],[-47.93176,-15.85136],[-47.93065,-15.85124],[-47.92968,-15.85152],[-47.92869,-15.85128],[-47.92754,-15.85133],[-47.92676,-15.85088],[-47.92556,-15.85086],[-47.92495,-15.85146],[-47.92379,-15.8514],[-47.9229,-15.85172],[-47.92191,-15.85148],[-47.92076,-15.85136],[-47.91978,-15.85159],[-47.91894,-15.85116],[-47.91815,-15.85075],[-47.91729,-15.85031],[-47.9165,-15.84983],[-47.91565,-15.84935],[-47.91497,-15.84883],[-47.91419,-15.84831],[-47.91338,-15.84786],[-47.91261,-15.8474],[-47.91184,-15.84695],[-47.91098,-15.84659],[-47.90989,-15.84631],[-47.90872,-15.84611],[-47.90727,-15.84592],[-47.9064,-15.84548],[-47.9053,-15.84494],[-47.90452,-15.84432],[-47.90351,-15.84451],[-47.90236,-15.84381],[-47.90152,-15.84333],[-47.90059,-15.84283],[-47.89983,-15.84236],[-47.89896,-15.84194],[-47.89814,-15.84115],[-47.89726,-15.84079],[-47.89608,-15.84091],[-47.89488,-15.84101],[-47.89374,-15.84109],[-47.89249,-15.841],[-47.89163,-15.84065],[-47.89075,-15.84015],[-47.88974,-15.8393],[-47.88897,-15.83887],[-47.88787,-15.83823],[-47.88688,-15.83758],[-47.88614,-15.83696],[-47.88558,-15.83626],[-47.88497,-15.83557],[-47.88454,-15.83471],[-47.88427,-15.83365],[-47.88413,-15.83242],[-47.88397,-15.83136],[-47.88345,-15.83016],[-47.88331,-15.8288],[-47.88231,-15.82902],[-47.88109,-15.8287],[-47.8803,-15.82807],[-47.87955,-15.82696],[-47.87919,-15.82588],[-47.87813,-15.82546],[-47.87719,-15.82492],[-47.87601,-15.82458],[-47.87491,-15.82474],[-47.87363,-15.82448],[-47.87259,-15.82419],[-47.87179,-15.82467],[-47.87126,-15.82547],[-47.87084,-15.82644],[-47.87164,-15.82705],[-47.87199,-15.82794],[-47.87167,-15.82919],[-47.87081,-15.82995],[-47.86969,-15.8298],[-47.86891,-15.82911],[-47.86814,-15.8286],[-47.8673,-15.82823],[-47.86632,-15.82792],[-47.86522,-15.82807],[-47.86426,-15.82832],[-47.86305,-15.82824],[-47.86197,-15.82807],[-47.86105,-15.82778],[-47.86008,-15.82746],[-47.85904,-15.82724],[-47.85778,-15.82703],[-47.85662,-15.82721],[-47.85547,-15.82733],[-47.85497,-15.82813],[-47.85478,-15.82931],[-47.85567,-15.82985],[-47.85647,-15.83033],[-47.85708,-15.83102],[-47.85782,-15.83157],[-47.85852,-15.83212],[-47.85915,-15.83276],[-47.8597,-15.8335],[-47.86038,-15.83414],[-47.86102,-15.83479],[-47.86166,-15.83545],[-47.86201,-15.83632],[-47.86272,-15.83689],[-47.86331,-15.83767],[-47.86395,-15.83852],[-47.86475,-15.8396],[-47.86539,-15.84028],[-47.86611,-15.84087],[-47.86665,-15.84154],[-47.86702,-15.84252],[-47.86755,-15.84351],[-47.86809,-15.84434],[-47.86864,-15.84526],[-47.86888,-15.84643],[-47.86948,-15.84756],[-47.86931,-15.84889],[-47.86852,-15.84933],[-47.86814,-15.85046],[-47.86863,-15.85123],[-47.86884,-15.85235],[-47.86941,-15.85311],[-47.87033,-15.85361],[-47.87084,-15.85453],[-47.87149,-15.85518],[-47.87228,-15.85561],[-47.87292,-15.85619],[-47.87337,-15.85694],[-47.87402,-15.8575],[-47.87428,-15.85847],[-47.87485,-15.85915],[-47.87415,-15.85865],[-47.87366,-15.85793],[-47.87298,-15.85741],[-47.87354,-15.85806],[-47.87261,-15.85889],[-47.87112,-15.85861],[-47.87043,-15.85791],[-47.87016,-15.85697],[-47.86934,-15.85658],[-47.86877,-15.85595],[-47.86879,-15.85474],[-47.8698,-15.85424],[-47.86895,-15.85386],[-47.86788,-15.85358],[-47.86745,-15.85278],[-47.86689,-15.8521],[-47.86566,-15.85252],[-47.86448,-15.85243],[-47.86368,-15.85201],[-47.86265,-15.85219],[-47.86124,-15.85231],[-47.86036,-15.85265],[-47.85959,-15.85309],[-47.85904,-15.85409],[-47.85875,-15.85303],[-47.8584,-15.85164],[-47.85935,-15.85117],[-47.86028,-15.85076],[-47.8615,-15.85073],[-47.86247,-15.85045],[-47.86327,-15.85001],[-47.86331,-15.84884],[-47.86263,-15.84779],[-47.86206,-15.84705],[-47.86148,-15.84632],[-47.86083,-15.84558],[-47.85979,-15.84526],[-47.85902,-15.84481],[-47.85829,-15.84431],[-47.8577,-15.84367],[-47.85676,-15.8425],[-47.85602,-15.84183],[-47.85538,-15.84117],[-47.85457,-15.84056],[-47.85351,-15.83978],[-47.85245,-15.83935],[-47.85124,-15.83942],[-47.85012,-15.83977],[-47.849,-15.84014],[-47.84769,-15.83996],[-47.84673,-15.83971],[-47.84571,-15.83951],[-47.84467,-15.83921],[-47.84356,-15.83907],[-47.84213,-15.83901],[-47.84132,-15.83942],[-47.84076,-15.83834],[-47.84022,-15.83703],[-47.83981,-15.83614],[-47.83919,-15.83505],[-47.83859,-15.83397],[-47.83798,-15.83334],[-47.83722,-15.83277],[-47.83656,-15.83216],[-47.83542,-15.83151],[-47.83448,-15.83121],[-47.83342,-15.83099],[-47.83234,-15.83077],[-47.8311,-15.83096],[-47.83022,-15.83148],[-47.82915,-15.83177],[-47.82835,-15.83236],[-47.82711,-15.83248],[-47.826,-15.83269],[-47.8261,-15.83139],[-47.82678,-15.83078],[-47.82722,-15.82991],[-47.82748,-15.82887],[-47.82714,-15.82783],[-47.82648,-15.82721],[-47.82554,-15.82656],[-47.82494,-15.82595],[-47.82415,-15.82553],[-47.82314,-15.82533],[-47.82297,-15.82425],[-47.82239,-15.82325],[-47.82181,-15.82253],[-47.8206,-15.82176],[-47.81954,-15.82133],[-47.81843,-15.82117],[-47.81734,-15.82103],[-47.81655,-15.82152],[-47.81683,-15.82034],[-47.81742,-15.81968],[-47.81808,-15.81908],[-47.81897,-15.81812],[-47.81932,-15.81725],[-47.81926,-15.81602],[-47.81872,-15.81382],[-47.81848,-15.81285],[-47.81837,-15.81122],[-47.81821,-15.81006],[-47.81875,-15.80934],[-47.8184,-15.80849],[-47.81742,-15.80796],[-47.81718,-15.80696],[-47.81706,-15.80576],[-47.8159,-15.80595],[-47.81494,-15.8062],[-47.8139,-15.80647],[-47.81409,-15.80535],[-47.81473,-15.80471],[-47.81522,-15.80388],[-47.8148,-15.80223],[-47.81401,-15.80111],[-47.81358,-15.79989],[-47.81318,-15.79906],[-47.81278,-15.79823],[-47.81222,-15.7975],[-47.81159,-15.79692],[-47.81088,-15.79642],[-47.81009,-15.79593],[-47.81033,-15.79493],[-47.80987,-15.79416],[-47.80921,-15.79319],[-47.80799,-15.79293],[-47.80677,-15.79282],[-47.80549,-15.79276],[-47.80441,-15.79249],[-47.80373,-15.7926]]]]}},{"type":"Feature","id":9,"properties":{"id":9,"nome":"Planaltina","roman":"VI"},"geometry":{"type":"MultiPolygon","coordinates":[[[[-47.41841,-15.50182],[-47.41841,-15.52626],[-47.41841,-15.54508],[-47.41762,-15.54553],[-47.4171,-15.54627],[-47.41599,-15.54649],[-47.41532,-15.54706],[-47.41445,-15.54786],[-47.4133,-15.54765],[-47.41243,-15.54726],[-47.41129,-15.54716],[-47.41048,-15.54756],[-47.40953,-15.54793],[-47.40837,-15.54786],[-47.40755,-15.54726],[-47.40678,-15.54681],[-47.40552,-15.54679],[-47.40442,-15.54696],[-47.4034,-15.54722],[-47.40242,-15.54771],[-47.40227,-15.54909],[-47.4022,-15.55029],[-47.40126,-15.55069],[-47.40065,-15.55154],[-47.39975,-15.55114],[-47.39885,-15.55145],[-47.39863,-15.55261],[-47.39816,-15.55335],[-47.39914,-15.55358],[-47.39914,-15.55483],[-47.39918,-15.55606],[-47.39952,-15.55699],[-47.39849,-15.55719],[-47.39747,-15.55752],[-47.39646,-15.55797],[-47.3957,-15.55851],[-47.39514,-15.55787],[-47.39399,-15.55806],[-47.39391,-15.55928],[-47.39375,-15.56039],[-47.39355,-15.56147],[-47.3929,-15.56208],[-47.39199,-15.5624],[-47.39129,-15.56301],[-47.3911,-15.56407],[-47.39074,-15.56492],[-47.39041,-15.56585],[-47.39089,-15.56659],[-47.38985,-15.5669],[-47.38913,-15.56744],[-47.3879,-15.56736],[-47.38692,-15.56704],[-47.38588,-15.56681],[-47.38498,-15.56716],[-47.38374,-15.56687],[-47.38265,-15.56676],[-47.38146,-15.56674],[-47.38042,-15.56695],[-47.38054,-15.56817],[-47.38001,-15.56894],[-47.3797,-15.56987],[-47.37953,-15.57097],[-47.37931,-15.57205],[-47.37924,-15.57331],[-47.37869,-15.57405],[-47.37828,-15.57493],[-47.37759,-15.57561],[-47.37698,-15.57634],[-47.37595,-15.57659],[-47.37521,-15.57709],[-47.37426,-15.57654],[-47.37356,-15.57727],[-47.37235,-15.57733],[-47.37135,-15.57765],[-47.3707,-15.5782],[-47.36969,-15.57844],[-47.36888,-15.57889],[-47.3677,-15.57879],[-47.36667,-15.57859],[-47.36586,-15.57811],[-47.36474,-15.57803],[-47.36356,-15.57785],[-47.36243,-15.57801],[-47.3616,-15.57845],[-47.36181,-15.57958],[-47.361,-15.5801],[-47.36017,-15.57964],[-47.35946,-15.5802],[-47.35841,-15.58039],[-47.35753,-15.58073],[-47.35676,-15.5802],[-47.35612,-15.57961],[-47.35524,-15.57999],[-47.35421,-15.58017],[-47.35338,-15.58059],[-47.35222,-15.58067],[-47.35105,-15.58039],[-47.35003,-15.58017],[-47.34931,-15.57957],[-47.34851,-15.57907],[-47.34771,-15.5795],[-47.34695,-15.57904],[-47.34631,-15.57963],[-47.3458,-15.58033],[-47.34492,-15.58076],[-47.34414,-15.58134],[-47.34335,-15.58188],[-47.34248,-15.58224],[-47.34152,-15.5825],[-47.34108,-15.58326],[-47.34029,-15.58372],[-47.33938,-15.58408],[-47.33868,-15.58465],[-47.33792,-15.58525],[-47.33704,-15.58562],[-47.33597,-15.58612],[-47.33538,-15.58673],[-47.33476,-15.58743],[-47.33358,-15.58719],[-47.33235,-15.58724],[-47.33133,-15.58692],[-47.33069,-15.58619],[-47.32972,-15.58652],[-47.32914,-15.58724],[-47.32863,-15.58797],[-47.32813,-15.5887],[-47.32717,-15.58905],[-47.32598,-15.58875],[-47.32517,-15.58836],[-47.3246,-15.58899],[-47.3248,-15.58791],[-47.32417,-15.58732],[-47.32342,-15.58687],[-47.32261,-15.58648],[-47.32158,-15.58667],[-47.32057,-15.58686],[-47.31944,-15.58671],[-47.31861,-15.58715],[-47.31863,-15.58837],[-47.31811,-15.58914],[-47.31766,-15.58991],[-47.3171,-15.59064],[-47.31736,-15.5916],[-47.31741,-15.59286],[-47.31703,-15.59371],[-47.31617,-15.59419],[-47.3159,-15.59512],[-47.31588,-15.59636],[-47.31659,-15.59688],[-47.31759,-15.5971],[-47.31815,-15.59778],[-47.31886,-15.59722],[-47.31993,-15.59744],[-47.32047,-15.59814],[-47.32159,-15.59804],[-47.32241,-15.59845],[-47.32258,-15.59949],[-47.32304,-15.60025],[-47.32359,-15.6009],[-47.32306,-15.60157],[-47.32321,-15.60272],[-47.323,-15.60372],[-47.3235,-15.60477],[-47.32399,-15.60555],[-47.32422,-15.60657],[-47.32498,-15.60709],[-47.32547,-15.60782],[-47.32495,-15.60852],[-47.32511,-15.60958],[-47.32558,-15.61043],[-47.32614,-15.61113],[-47.32698,-15.61152],[-47.32737,-15.61237],[-47.32817,-15.61288],[-47.32806,-15.61399],[-47.32843,-15.61489],[-47.32898,-15.61559],[-47.32922,-15.61663],[-47.32866,-15.61729],[-47.32885,-15.61836],[-47.3294,-15.61768],[-47.32986,-15.61847],[-47.33005,-15.61948],[-47.33061,-15.62019],[-47.33049,-15.62131],[-47.33093,-15.62211],[-47.33035,-15.62288],[-47.33049,-15.62399],[-47.33068,-15.62502],[-47.33132,-15.62565],[-47.33157,-15.62674],[-47.33219,-15.62738],[-47.33192,-15.6284],[-47.33287,-15.62869],[-47.33308,-15.62969],[-47.33347,-15.63059],[-47.33294,-15.63129],[-47.33333,-15.63219],[-47.33269,-15.63295],[-47.33232,-15.63385],[-47.33199,-15.63472],[-47.33116,-15.63517],[-47.33099,-15.63624],[-47.33157,-15.6369],[-47.33078,-15.63732],[-47.33132,-15.63799],[-47.33064,-15.63853],[-47.33,-15.63913],[-47.32984,-15.64019],[-47.33021,-15.64109],[-47.32964,-15.64181],[-47.32992,-15.64274],[-47.32981,-15.64385],[-47.33024,-15.64468],[-47.33101,-15.64516],[-47.33049,-15.6459],[-47.32961,-15.64549],[-47.32904,-15.64617],[-47.32813,-15.64647],[-47.32734,-15.64699],[-47.32753,-15.64807],[-47.32697,-15.64899],[-47.32801,-15.64919],[-47.32784,-15.65026],[-47.32898,-15.65048],[-47.32882,-15.65154],[-47.32795,-15.65196],[-47.3269,-15.65236],[-47.32711,-15.6535],[-47.32728,-15.65461],[-47.32851,-15.65473],[-47.32892,-15.65557],[-47.32822,-15.6561],[-47.32893,-15.65671],[-47.32824,-15.65747],[-47.32938,-15.65755],[-47.32879,-15.65827],[-47.32808,-15.65877],[-47.32804,-15.66003],[-47.32842,-15.66087],[-47.3272,-15.66093],[-47.32682,-15.66176],[-47.32698,-15.66286],[-47.32788,-15.66344],[-47.32751,-15.6643],[-47.32805,-15.66507],[-47.32699,-15.66491],[-47.32654,-15.66566],[-47.32783,-15.6658],[-47.32851,-15.66636],[-47.32806,-15.66713],[-47.32731,-15.66763],[-47.32661,-15.66833],[-47.32619,-15.66913],[-47.32659,-15.66994],[-47.32735,-15.67057],[-47.32707,-15.67152],[-47.32752,-15.67229],[-47.32761,-15.67345],[-47.32729,-15.67441],[-47.328,-15.67562],[-47.32841,-15.67642],[-47.32806,-15.67729],[-47.32897,-15.67694],[-47.32873,-15.67799],[-47.32797,-15.67848],[-47.32889,-15.67889],[-47.32907,-15.67997],[-47.33015,-15.68023],[-47.33117,-15.67987],[-47.33185,-15.68039],[-47.33173,-15.68161],[-47.33155,-15.68264],[-47.33131,-15.68362],[-47.3302,-15.68379],[-47.32942,-15.68424],[-47.32908,-15.68329],[-47.32804,-15.68357],[-47.32816,-15.6849],[-47.32838,-15.68604],[-47.32774,-15.68667],[-47.32827,-15.68749],[-47.32926,-15.68772],[-47.32863,-15.6883],[-47.3275,-15.68862],[-47.32638,-15.68889],[-47.32561,-15.68845],[-47.32468,-15.68873],[-47.32366,-15.68895],[-47.32277,-15.68862],[-47.32195,-15.68906],[-47.32138,-15.68842],[-47.32183,-15.68761],[-47.32135,-15.6868],[-47.32096,-15.68771],[-47.32029,-15.68715],[-47.31991,-15.68808],[-47.31961,-15.68908],[-47.31846,-15.68918],[-47.31829,-15.69027],[-47.31778,-15.691],[-47.31811,-15.69193],[-47.31701,-15.69211],[-47.31746,-15.693],[-47.31653,-15.69354],[-47.31608,-15.6943],[-47.31574,-15.69518],[-47.31496,-15.69458],[-47.3138,-15.6948],[-47.31387,-15.69601],[-47.31295,-15.69637],[-47.31252,-15.69719],[-47.31297,-15.6981],[-47.31374,-15.69857],[-47.31343,-15.69956],[-47.31379,-15.7005],[-47.314,-15.70152],[-47.31442,-15.70239],[-47.3143,-15.70353],[-47.31397,-15.7046],[-47.31483,-15.70497],[-47.31393,-15.70538],[-47.31333,-15.70605],[-47.31456,-15.70603],[-47.31406,-15.70689],[-47.31303,-15.70707],[-47.31351,-15.70782],[-47.3139,-15.70874],[-47.31486,-15.70921],[-47.31548,-15.7098],[-47.31501,-15.71055],[-47.31385,-15.7109],[-47.3147,-15.71161],[-47.31497,-15.71264],[-47.31593,-15.7129],[-47.3154,-15.71362],[-47.31524,-15.71514],[-47.31572,-15.71608],[-47.3172,-15.71626],[-47.31769,-15.717],[-47.3187,-15.71728],[-47.31956,-15.71771],[-47.31944,-15.71896],[-47.3205,-15.71873],[-47.3204,-15.71989],[-47.32061,-15.72096],[-47.32097,-15.72192],[-47.32081,-15.723],[-47.31975,-15.72318],[-47.31893,-15.72365],[-47.31827,-15.72464],[-47.31853,-15.72564],[-47.31912,-15.7263],[-47.31838,-15.72689],[-47.31797,-15.72769],[-47.31882,-15.72813],[-47.31796,-15.7286],[-47.31749,-15.72941],[-47.3176,-15.73055],[-47.31706,-15.73127],[-47.31819,-15.73156],[-47.31807,-15.7327],[-47.31898,-15.73233],[-47.31924,-15.73366],[-47.31927,-15.73502],[-47.31841,-15.73443],[-47.31734,-15.73475],[-47.31753,-15.73582],[-47.31727,-15.73681],[-47.31638,-15.73641],[-47.3155,-15.73678],[-47.31465,-15.73713],[-47.31405,-15.73776],[-47.31394,-15.73892],[-47.31424,-15.73984],[-47.31349,-15.74037],[-47.31407,-15.74105],[-47.31348,-15.74186],[-47.31408,-15.74258],[-47.31515,-15.74271],[-47.31461,-15.74348],[-47.31421,-15.74441],[-47.31444,-15.74543],[-47.31419,-15.74642],[-47.31493,-15.74694],[-47.31436,-15.7476],[-47.31521,-15.74803],[-47.31621,-15.74771],[-47.31607,-15.74664],[-47.31705,-15.74696],[-47.31709,-15.74832],[-47.31784,-15.749],[-47.31858,-15.74949],[-47.318,-15.75029],[-47.31857,-15.75095],[-47.3184,-15.75204],[-47.31937,-15.7523],[-47.31996,-15.7531],[-47.31944,-15.75408],[-47.31981,-15.75503],[-47.32105,-15.75509],[-47.32193,-15.75473],[-47.32137,-15.75567],[-47.32106,-15.75671],[-47.32148,-15.75751],[-47.32242,-15.75786],[-47.32294,-15.75857],[-47.32365,-15.75796],[-47.32394,-15.75888],[-47.32444,-15.75968],[-47.32409,-15.76059],[-47.32448,-15.76143],[-47.32545,-15.76117],[-47.32601,-15.76227],[-47.3264,-15.76319],[-47.32691,-15.76408],[-47.32655,-15.76494],[-47.32732,-15.76543],[-47.3266,-15.76599],[-47.32761,-15.76575],[-47.32863,-15.76594],[-47.32911,-15.76671],[-47.32929,-15.76787],[-47.3297,-15.76878],[-47.32884,-15.76953],[-47.32866,-15.77061],[-47.32813,-15.77135],[-47.32743,-15.77187],[-47.32838,-15.77216],[-47.3286,-15.77319],[-47.32927,-15.77262],[-47.32913,-15.77373],[-47.3304,-15.77399],[-47.3312,-15.77351],[-47.33083,-15.77479],[-47.33093,-15.77599],[-47.33105,-15.77731],[-47.33134,-15.77829],[-47.33092,-15.77914],[-47.33127,-15.78003],[-47.33205,-15.77955],[-47.33267,-15.78022],[-47.33287,-15.78124],[-47.33406,-15.78115],[-47.33452,-15.78196],[-47.33557,-15.78177],[-47.33648,-15.78218],[-47.33642,-15.78336],[-47.33552,-15.78368],[-47.33536,-15.78496],[-47.33646,-15.7847],[-47.33661,-15.78581],[-47.33713,-15.78504],[-47.33748,-15.78601],[-47.33775,-15.7871],[-47.33858,-15.78763],[-47.33908,-15.78842],[-47.33905,-15.78966],[-47.33871,-15.79061],[-47.33962,-15.79031],[-47.33912,-15.79103],[-47.33942,-15.79194],[-47.33995,-15.79266],[-47.33923,-15.7932],[-47.3398,-15.79411],[-47.33948,-15.795],[-47.34051,-15.79482],[-47.3411,-15.79551],[-47.34118,-15.79421],[-47.34167,-15.79502],[-47.34229,-15.79576],[-47.34193,-15.79732],[-47.34302,-15.79712],[-47.34358,-15.79636],[-47.34433,-15.79693],[-47.34519,-15.79729],[-47.34484,-15.79853],[-47.34559,-15.79797],[-47.34536,-15.79895],[-47.34491,-15.79973],[-47.345,-15.80099],[-47.34608,-15.80159],[-47.34553,-15.80243],[-47.34593,-15.80327],[-47.34677,-15.80365],[-47.34728,-15.8029],[-47.34771,-15.80367],[-47.34867,-15.80338],[-47.34952,-15.80379],[-47.34961,-15.80504],[-47.34901,-15.80575],[-47.34812,-15.8061],[-47.34935,-15.80615],[-47.34861,-15.8067],[-47.34841,-15.80789],[-47.34977,-15.80784],[-47.35026,-15.80885],[-47.34998,-15.8098],[-47.35056,-15.8107],[-47.351,-15.81147],[-47.35179,-15.81196],[-47.35253,-15.81243],[-47.35262,-15.81363],[-47.35222,-15.81445],[-47.35283,-15.81509],[-47.35358,-15.81455],[-47.35432,-15.81402],[-47.35457,-15.8155],[-47.35523,-15.81606],[-47.35438,-15.81659],[-47.35333,-15.81683],[-47.35291,-15.81785],[-47.35418,-15.818],[-47.35471,-15.81726],[-47.35545,-15.81776],[-47.35604,-15.81855],[-47.35576,-15.81962],[-47.35494,-15.8201],[-47.35609,-15.82029],[-47.3566,-15.81958],[-47.35626,-15.82057],[-47.35538,-15.8209],[-47.35459,-15.82145],[-47.35494,-15.82257],[-47.35536,-15.82336],[-47.35644,-15.82312],[-47.35709,-15.82226],[-47.35819,-15.82214],[-47.35771,-15.82298],[-47.35707,-15.82358],[-47.35775,-15.82413],[-47.35878,-15.82381],[-47.35954,-15.82321],[-47.35892,-15.82262],[-47.35959,-15.82204],[-47.36027,-15.82147],[-47.36097,-15.82204],[-47.36051,-15.82302],[-47.36102,-15.8242],[-47.36199,-15.82452],[-47.36299,-15.82478],[-47.3628,-15.8259],[-47.36222,-15.82665],[-47.36258,-15.82754],[-47.36367,-15.82786],[-47.36486,-15.82787],[-47.36584,-15.8274],[-47.36687,-15.82778],[-47.36745,-15.82861],[-47.36687,-15.82926],[-47.36646,-15.83014],[-47.36608,-15.831],[-47.3666,-15.8317],[-47.36604,-15.83253],[-47.36649,-15.83329],[-47.3655,-15.83354],[-47.36602,-15.83436],[-47.3655,-15.83505],[-47.3657,-15.83615],[-47.3659,-15.83718],[-47.36662,-15.83668],[-47.36695,-15.83571],[-47.36807,-15.8358],[-47.36796,-15.83705],[-47.36696,-15.83728],[-47.36695,-15.83856],[-47.36779,-15.8381],[-47.36777,-15.8393],[-47.36808,-15.84023],[-47.36887,-15.84065],[-47.36981,-15.84114],[-47.36897,-15.84151],[-47.36829,-15.84216],[-47.36846,-15.8432],[-47.36899,-15.84404],[-47.36962,-15.84505],[-47.37039,-15.84556],[-47.37105,-15.84616],[-47.37205,-15.84595],[-47.37314,-15.84576],[-47.3734,-15.84464],[-47.37429,-15.84496],[-47.37484,-15.84563],[-47.37581,-15.846],[-47.37688,-15.84642],[-47.37811,-15.84655],[-47.37882,-15.84716],[-47.37921,-15.84628],[-47.37984,-15.84691],[-47.38083,-15.84645],[-47.38048,-15.8456],[-47.38168,-15.84565],[-47.38239,-15.84616],[-47.38294,-15.84698],[-47.38371,-15.84654],[-47.385,-15.8462],[-47.38573,-15.8473],[-47.38593,-15.84852],[-47.38607,-15.84975],[-47.38622,-15.85084],[-47.38653,-15.85301],[-47.38678,-15.85467],[-47.38694,-15.85578],[-47.3871,-15.85687],[-47.39164,-15.85774],[-47.40008,-15.85947],[-47.402,-15.85987],[-47.4074,-15.86098],[-47.41262,-15.86204],[-47.41737,-15.86303],[-47.41915,-15.8634],[-47.42018,-15.86361],[-47.42171,-15.86393],[-47.42302,-15.86415],[-47.42439,-15.86411],[-47.42573,-15.86385],[-47.42929,-15.863],[-47.43185,-15.86241],[-47.43315,-15.86209],[-47.43426,-15.86183],[-47.43652,-15.8613],[-47.43883,-15.86079],[-47.43982,-15.86056],[-47.44265,-15.85991],[-47.44429,-15.85953],[-47.44785,-15.85873],[-47.44903,-15.85845],[-47.45019,-15.85816],[-47.45177,-15.85781],[-47.45287,-15.8577],[-47.45406,-15.85777],[-47.45508,-15.858],[-47.45605,-15.85837],[-47.45684,-15.85883],[-47.45801,-15.85955],[-47.45952,-15.86045],[-47.46037,-15.86097],[-47.46176,-15.86182],[-47.46259,-15.86231],[-47.4636,-15.86274],[-47.46462,-15.86302],[-47.46647,-15.86315],[-47.46823,-15.86285],[-47.4707,-15.86237],[-47.47205,-15.8621],[-47.47513,-15.86148],[-47.47614,-15.86127],[-47.47848,-15.86079],[-47.47974,-15.86052],[-47.48088,-15.86029],[-47.48641,-15.85918],[-47.4881,-15.85885],[-47.48996,-15.85848],[-47.49338,-15.8578],[-47.49761,-15.85696],[-47.50005,-15.85647],[-47.50117,-15.85625],[-47.50314,-15.85586],[-47.50507,-15.85547],[-47.50629,-15.85523],[-47.50732,-15.85501],[-47.50917,-15.85466],[-47.51078,-15.85434],[-47.51179,-15.85414],[-47.5134,-15.85381],[-47.51447,-15.8536],[-47.51605,-15.8533],[-47.51736,-15.85312],[-47.51857,-15.85319],[-47.51996,-15.85354],[-47.52111,-15.85411],[-47.52191,-15.85453],[-47.52283,-15.85502],[-47.52392,-15.85562],[-47.52483,-15.85611],[-47.52573,-15.8566],[-47.52674,-15.85715],[-47.52772,-15.85768],[-47.52895,-15.85834],[-47.5298,-15.85879],[-47.53081,-15.85933],[-47.5343,-15.86121],[-47.53638,-15.86233],[-47.53775,-15.86307],[-47.53884,-15.86365],[-47.53974,-15.86413],[-47.54099,-15.86481],[-47.54326,-15.86604],[-47.54483,-15.86688],[-47.54696,-15.86803],[-47.54809,-15.86866],[-47.54972,-15.86952],[-47.55132,-15.87039],[-47.55246,-15.871],[-47.55348,-15.87156],[-47.55471,-15.87208],[-47.55584,-15.87233],[-47.55704,-15.87238],[-47.55815,-15.87225],[-47.55911,-15.87195],[-47.56044,-15.87157],[-47.56144,-15.87128],[-47.56267,-15.8709],[-47.56423,-15.87043],[-47.5662,-15.86986],[-47.56761,-15.86941],[-47.56879,-15.86907],[-47.57062,-15.86853],[-47.5725,-15.86797],[-47.57385,-15.86757],[-47.57597,-15.86694],[-47.5775,-15.86648],[-47.57937,-15.86592],[-47.58082,-15.86549],[-47.58176,-15.86519],[-47.5839,-15.86457],[-47.58578,-15.86399],[-47.58842,-15.86322],[-47.59001,-15.86276],[-47.59296,-15.86187],[-47.5948,-15.86131],[-47.59918,-15.86001],[-47.60077,-15.85954],[-47.60242,-15.85903],[-47.60369,-15.85881],[-47.60509,-15.85883],[-47.60631,-15.8591],[-47.60776,-15.8595],[-47.61007,-15.86011],[-47.61364,-15.86106],[-47.61737,-15.86208],[-47.61872,-15.86243],[-47.61982,-15.86272],[-47.62105,-15.86305],[-47.62166,-15.86089],[-47.62198,-15.85979],[-47.62248,-15.85801],[-47.62287,-15.85666],[-47.62364,-15.85399],[-47.62432,-15.85159],[-47.62467,-15.85031],[-47.62504,-15.849],[-47.62611,-15.84527],[-47.62639,-15.84427],[-47.62682,-15.84279],[-47.62726,-15.8412],[-47.62829,-15.83763],[-47.62875,-15.836],[-47.62933,-15.83397],[-47.62985,-15.83216],[-47.63056,-15.82965],[-47.63149,-15.82636],[-47.63227,-15.82363],[-47.63266,-15.82231],[-47.63326,-15.82015],[-47.63439,-15.8162],[-47.63494,-15.81427],[-47.63544,-15.81251],[-47.63573,-15.81153],[-47.63614,-15.81009],[-47.63658,-15.80855],[-47.63688,-15.80748],[-47.63756,-15.8051],[-47.63784,-15.80413],[-47.63811,-15.80318],[-47.63891,-15.80041],[-47.63944,-15.79853],[-47.63975,-15.79744],[-47.64008,-15.79626],[-47.64059,-15.79445],[-47.64119,-15.79237],[-47.64158,-15.791],[-47.64191,-15.78989],[-47.64255,-15.78819],[-47.64316,-15.78709],[-47.64395,-15.78568],[-47.64534,-15.78322],[-47.64645,-15.78124],[-47.64757,-15.77925],[-47.64893,-15.77688],[-47.64966,-15.77557],[-47.65101,-15.77317],[-47.65159,-15.77214],[-47.65278,-15.77002],[-47.65389,-15.76805],[-47.6551,-15.76589],[-47.65612,-15.76408],[-47.65708,-15.76239],[-47.65786,-15.76101],[-47.65839,-15.76007],[-47.66053,-15.75626],[-47.66134,-15.75482],[-47.66309,-15.75174],[-47.66376,-15.75051],[-47.66422,-15.74924],[-47.66448,-15.74781],[-47.66446,-15.7465],[-47.66412,-15.74469],[-47.6639,-15.7436],[-47.66348,-15.7416],[-47.66314,-15.73997],[-47.6629,-15.7388],[-47.66217,-15.73542],[-47.66188,-15.73406],[-47.66112,-15.73039],[-47.6609,-15.72935],[-47.66046,-15.72743],[-47.66142,-15.72716],[-47.66276,-15.72696],[-47.66406,-15.72711],[-47.66502,-15.72746],[-47.66612,-15.72813],[-47.66709,-15.72872],[-47.66915,-15.73],[-47.6703,-15.73074],[-47.67104,-15.73137],[-47.67199,-15.73233],[-47.6732,-15.73356],[-47.67389,-15.73414],[-47.67502,-15.73435],[-47.67461,-15.73333],[-47.67533,-15.73274],[-47.67524,-15.73159],[-47.67545,-15.73058],[-47.67448,-15.72982],[-47.67368,-15.72936],[-47.67394,-15.72828],[-47.67451,-15.72764],[-47.67551,-15.72739],[-47.67594,-15.7266],[-47.67663,-15.72603],[-47.67635,-15.72505],[-47.67619,-15.724],[-47.67544,-15.72347],[-47.67456,-15.72307],[-47.67412,-15.72228],[-47.67541,-15.72208],[-47.67612,-15.72265],[-47.67649,-15.72175],[-47.67586,-15.72114],[-47.67507,-15.72064],[-47.67541,-15.71972],[-47.6762,-15.71923],[-47.67579,-15.71843],[-47.67557,-15.71735],[-47.67453,-15.71712],[-47.6738,-15.7166],[-47.67449,-15.71598],[-47.67518,-15.71531],[-47.67582,-15.71465],[-47.67572,-15.71334],[-47.6751,-15.71273],[-47.67459,-15.71203],[-47.67412,-15.71127],[-47.67326,-15.71093],[-47.67317,-15.70972],[-47.67391,-15.70905],[-47.67427,-15.70991],[-47.67468,-15.70902],[-47.67544,-15.70858],[-47.6758,-15.70774],[-47.67651,-15.70722],[-47.67766,-15.70733],[-47.67849,-15.70688],[-47.67918,-15.70615],[-47.68008,-15.70577],[-47.68077,-15.7052],[-47.68188,-15.70501],[-47.68274,-15.70454],[-47.6838,-15.70411],[-47.68464,-15.70364],[-47.68572,-15.70336],[-47.68713,-15.70328],[-47.68824,-15.70338],[-47.68934,-15.70317],[-47.6903,-15.70272],[-47.69095,-15.70215],[-47.69205,-15.70187],[-47.69268,-15.70126],[-47.69373,-15.70108],[-47.69482,-15.70084],[-47.69588,-15.70009],[-47.69672,-15.6996],[-47.69779,-15.69945],[-47.69894,-15.69931],[-47.70024,-15.69934],[-47.70138,-15.69919],[-47.70231,-15.6997],[-47.70319,-15.70019],[-47.70421,-15.70041],[-47.70488,-15.69986],[-47.70592,-15.7001],[-47.70712,-15.70004],[-47.70834,-15.70007],[-47.70948,-15.70034],[-47.71042,-15.69999],[-47.71159,-15.69966],[-47.71259,-15.69935],[-47.71358,-15.69901],[-47.71451,-15.69845],[-47.71575,-15.69845],[-47.71651,-15.698],[-47.71707,-15.69732],[-47.71826,-15.69761],[-47.71952,-15.69762],[-47.72073,-15.69721],[-47.72175,-15.69689],[-47.72342,-15.69717],[-47.72489,-15.69757],[-47.72607,-15.6979],[-47.72715,-15.69812],[-47.72826,-15.69839],[-47.72922,-15.69865],[-47.73045,-15.69845],[-47.73138,-15.6981],[-47.73246,-15.69787],[-47.73308,-15.69724],[-47.73378,-15.69664],[-47.73469,-15.696],[-47.73531,-15.69529],[-47.73584,-15.6946],[-47.7365,-15.69399],[-47.73711,-15.69327],[-47.73792,-15.69286],[-47.73862,-15.69217],[-47.73944,-15.69175],[-47.74015,-15.69097],[-47.74086,-15.68978],[-47.74148,-15.68904],[-47.74225,-15.68857],[-47.74318,-15.68818],[-47.74374,-15.68745],[-47.74475,-15.6869],[-47.74593,-15.68645],[-47.74659,-15.68578],[-47.74672,-15.68436],[-47.74707,-15.68317],[-47.74677,-15.68136],[-47.74639,-15.68013],[-47.74598,-15.67918],[-47.74575,-15.67809],[-47.74524,-15.67725],[-47.74463,-15.67643],[-47.74349,-15.67627],[-47.74275,-15.67561],[-47.74185,-15.67526],[-47.74077,-15.67507],[-47.74136,-15.6738],[-47.74216,-15.67314],[-47.74331,-15.67219],[-47.7443,-15.67143],[-47.74333,-15.67033],[-47.74251,-15.66946],[-47.73788,-15.6646],[-47.73869,-15.66325],[-47.73943,-15.662],[-47.73995,-15.66109],[-47.74059,-15.66002],[-47.74169,-15.65818],[-47.74246,-15.6569],[-47.74298,-15.65603],[-47.74392,-15.65441],[-47.74444,-15.65353],[-47.74492,-15.65273],[-47.74537,-15.65198],[-47.74587,-15.65114],[-47.74649,-15.6501],[-47.74714,-15.64902],[-47.74791,-15.6477],[-47.74872,-15.64635],[-47.74939,-15.64523],[-47.74996,-15.64425],[-47.75055,-15.64325],[-47.75112,-15.64228],[-47.75192,-15.64094],[-47.75248,-15.64008],[-47.7531,-15.63942],[-47.75369,-15.63817],[-47.75423,-15.63697],[-47.75478,-15.63575],[-47.75526,-15.63466],[-47.75584,-15.63349],[-47.75624,-15.63261],[-47.75679,-15.63129],[-47.75733,-15.63011],[-47.75796,-15.62871],[-47.75858,-15.62738],[-47.75898,-15.62651],[-47.75962,-15.62519],[-47.75983,-15.62414],[-47.75962,-15.62289],[-47.75943,-15.62177],[-47.75961,-15.62052],[-47.75995,-15.6193],[-47.76036,-15.61792],[-47.76093,-15.61712],[-47.76178,-15.61648],[-47.76279,-15.61573],[-47.76398,-15.61499],[-47.76561,-15.61405],[-47.76649,-15.61353],[-47.76786,-15.61274],[-47.76905,-15.61197],[-47.77132,-15.61046],[-47.77244,-15.6097],[-47.77346,-15.60899],[-47.77412,-15.60842],[-47.77491,-15.60696],[-47.77556,-15.60632],[-47.7772,-15.60471],[-47.77888,-15.60306],[-47.78059,-15.60139],[-47.78113,-15.60034],[-47.78092,-15.59804],[-47.78078,-15.5965],[-47.78063,-15.59492],[-47.78049,-15.59336],[-47.77778,-15.59358],[-47.77666,-15.59368],[-47.77521,-15.5938],[-47.77328,-15.59397],[-47.77163,-15.59373],[-47.77054,-15.59349],[-47.76918,-15.59318],[-47.76692,-15.59268],[-47.7658,-15.59244],[-47.76418,-15.5918],[-47.76323,-15.59141],[-47.76414,-15.59024],[-47.76497,-15.58978],[-47.76621,-15.58984],[-47.76753,-15.5899],[-47.76884,-15.58959],[-47.76846,-15.58855],[-47.76745,-15.58818],[-47.76619,-15.588],[-47.76512,-15.58784],[-47.76522,-15.58664],[-47.76565,-15.58576],[-47.76591,-15.5848],[-47.76606,-15.58374],[-47.76582,-15.58273],[-47.76536,-15.58191],[-47.76499,-15.58098],[-47.76436,-15.58035],[-47.76357,-15.57993],[-47.76267,-15.57962],[-47.76148,-15.57961],[-47.76072,-15.57916],[-47.76038,-15.5783],[-47.76029,-15.57717],[-47.76043,-15.57611],[-47.7605,-15.57498],[-47.7604,-15.57387],[-47.76059,-15.57286],[-47.76131,-15.57237],[-47.76238,-15.57223],[-47.76299,-15.57163],[-47.76296,-15.57043],[-47.76247,-15.56967],[-47.76242,-15.56849],[-47.76256,-15.56738],[-47.7633,-15.56683],[-47.76391,-15.56624],[-47.7642,-15.56532],[-47.76517,-15.56507],[-47.76619,-15.56488],[-47.76682,-15.56428],[-47.76697,-15.56322],[-47.76715,-15.56213],[-47.76725,-15.56098],[-47.76665,-15.5603],[-47.76633,-15.5594],[-47.7659,-15.55855],[-47.7649,-15.5582],[-47.76381,-15.55832],[-47.76361,-15.55933],[-47.76283,-15.55886],[-47.76178,-15.55847],[-47.76118,-15.55768],[-47.76022,-15.55731],[-47.75938,-15.55676],[-47.75911,-15.5558],[-47.75817,-15.55509],[-47.75717,-15.55458],[-47.75621,-15.55431],[-47.75576,-15.55337],[-47.75525,-15.55267],[-47.75555,-15.55172],[-47.75481,-15.55122],[-47.75499,-15.55012],[-47.75567,-15.54959],[-47.75652,-15.54901],[-47.75642,-15.54771],[-47.75636,-15.54645],[-47.75578,-15.54576],[-47.75561,-15.54467],[-47.75503,-15.54404],[-47.75431,-15.54355],[-47.75347,-15.54402],[-47.75342,-15.54286],[-47.75304,-15.54201],[-47.75241,-15.54263],[-47.75185,-15.54189],[-47.75219,-15.54097],[-47.75155,-15.54038],[-47.75101,-15.53965],[-47.75005,-15.53905],[-47.7507,-15.53844],[-47.75112,-15.53762],[-47.75155,-15.53677],[-47.75094,-15.53604],[-47.75117,-15.53507],[-47.752,-15.53463],[-47.75237,-15.53378],[-47.75325,-15.5334],[-47.75303,-15.53239],[-47.75415,-15.5323],[-47.75449,-15.53143],[-47.75393,-15.5305],[-47.75412,-15.52947],[-47.75501,-15.5291],[-47.75621,-15.52902],[-47.75674,-15.52832],[-47.75757,-15.52871],[-47.75767,-15.52982],[-47.75832,-15.5304],[-47.75934,-15.53015],[-47.75959,-15.52919],[-47.75944,-15.52812],[-47.76037,-15.52785],[-47.76121,-15.52741],[-47.76165,-15.52817],[-47.76253,-15.52854],[-47.76351,-15.52826],[-47.76379,-15.52734],[-47.764,-15.5262],[-47.76395,-15.52497],[-47.76348,-15.52422],[-47.76281,-15.52478],[-47.76198,-15.52439],[-47.76181,-15.52327],[-47.76157,-15.52218],[-47.76152,-15.52101],[-47.76224,-15.52036],[-47.76314,-15.51989],[-47.76387,-15.5204],[-47.76428,-15.51955],[-47.76491,-15.52017],[-47.76544,-15.52098],[-47.76594,-15.5217],[-47.76564,-15.52073],[-47.76673,-15.52058],[-47.76772,-15.52085],[-47.76735,-15.51994],[-47.76692,-15.51917],[-47.76807,-15.5191],[-47.76823,-15.51794],[-47.7689,-15.51736],[-47.76995,-15.51719],[-47.77066,-15.51659],[-47.77127,-15.51597],[-47.77235,-15.51583],[-47.77182,-15.51514],[-47.77296,-15.51498],[-47.77417,-15.51497],[-47.7735,-15.51439],[-47.77232,-15.51443],[-47.77124,-15.51428],[-47.77155,-15.51336],[-47.77206,-15.51264],[-47.7725,-15.51175],[-47.77224,-15.51079],[-47.7712,-15.51058],[-47.77166,-15.5098],[-47.77162,-15.50863],[-47.77083,-15.50911],[-47.77016,-15.50848],[-47.77034,-15.50742],[-47.77051,-15.50619],[-47.7709,-15.50537],[-47.7711,-15.50417],[-47.77119,-15.50303],[-47.77204,-15.50249],[-47.41841,-15.50182]]]]}},{"type":"Feature","id":10,"properties":{"id":10,"nome":"Paranoá","roman":"VII"},"geometry":{"type":"MultiPolygon","coordinates":[[[[-47.66188,-15.73406],[-47.66217,-15.73542],[-47.6629,-15.7388],[-47.66314,-15.73997],[-47.66348,-15.7416],[-47.66374,-15.74279],[-47.66407,-15.74447],[-47.66435,-15.74572],[-47.66449,-15.74683],[-47.66441,-15.74838],[-47.66408,-15.74968],[-47.66352,-15.75099],[-47.66134,-15.75482],[-47.66053,-15.75626],[-47.65866,-15.7596],[-47.65786,-15.76101],[-47.65734,-15.76193],[-47.65612,-15.76408],[-47.6551,-15.76589],[-47.65423,-15.76745],[-47.65318,-15.76932],[-47.65159,-15.77214],[-47.65101,-15.77317],[-47.64966,-15.77557],[-47.64893,-15.77688],[-47.64757,-15.77925],[-47.64646,-15.78121],[-47.64534,-15.78322],[-47.64395,-15.78568],[-47.64316,-15.78709],[-47.64255,-15.78819],[-47.6421,-15.78926],[-47.64171,-15.79054],[-47.6412,-15.79235],[-47.64059,-15.79445],[-47.64017,-15.79596],[-47.63975,-15.79744],[-47.63944,-15.79853],[-47.63891,-15.80041],[-47.63811,-15.80318],[-47.63784,-15.80413],[-47.63756,-15.8051],[-47.63696,-15.80721],[-47.63658,-15.80855],[-47.63627,-15.80963],[-47.63573,-15.81153],[-47.63544,-15.81251],[-47.63502,-15.81399],[-47.6346,-15.81548],[-47.6334,-15.81969],[-47.63289,-15.82145],[-47.63227,-15.82363],[-47.63159,-15.82602],[-47.63056,-15.82965],[-47.62985,-15.83216],[-47.62933,-15.83397],[-47.62875,-15.836],[-47.62829,-15.83763],[-47.62726,-15.8412],[-47.62698,-15.84217],[-47.62659,-15.8436],[-47.62611,-15.84527],[-47.62525,-15.84826],[-47.6248,-15.84986],[-47.62441,-15.85124],[-47.62374,-15.85361],[-47.62296,-15.85634],[-47.62255,-15.85776],[-47.62198,-15.85979],[-47.62166,-15.86089],[-47.62124,-15.86238],[-47.62029,-15.86285],[-47.61872,-15.86243],[-47.61737,-15.86208],[-47.61392,-15.86114],[-47.61047,-15.86022],[-47.60829,-15.85964],[-47.60634,-15.85911],[-47.60509,-15.85883],[-47.60382,-15.8588],[-47.60242,-15.85903],[-47.60117,-15.85941],[-47.59918,-15.86001],[-47.59518,-15.8612],[-47.59296,-15.86187],[-47.59088,-15.8625],[-47.58842,-15.86322],[-47.58671,-15.86372],[-47.5839,-15.86457],[-47.58176,-15.86519],[-47.58082,-15.86549],[-47.57937,-15.86592],[-47.57782,-15.86639],[-47.57597,-15.86694],[-47.57413,-15.86748],[-47.5725,-15.86797],[-47.57147,-15.86827],[-47.56948,-15.86886],[-47.56826,-15.86922],[-47.56666,-15.86972],[-47.56423,-15.87043],[-47.56267,-15.8709],[-47.56144,-15.87128],[-47.56044,-15.87157],[-47.55911,-15.87195],[-47.55815,-15.87225],[-47.55705,-15.87238],[-47.55584,-15.87233],[-47.55482,-15.87212],[-47.55348,-15.87156],[-47.55246,-15.871],[-47.55132,-15.87039],[-47.55041,-15.8699],[-47.54863,-15.86895],[-47.54741,-15.86828],[-47.54483,-15.86688],[-47.54326,-15.86604],[-47.54099,-15.86481],[-47.53974,-15.86413],[-47.53884,-15.86365],[-47.53775,-15.86307],[-47.53696,-15.86263],[-47.53478,-15.86147],[-47.53081,-15.85933],[-47.52995,-15.85887],[-47.52895,-15.85834],[-47.52772,-15.85768],[-47.52674,-15.85715],[-47.52592,-15.8567],[-47.52483,-15.85611],[-47.52392,-15.85562],[-47.52283,-15.85502],[-47.52191,-15.85453],[-47.52111,-15.85411],[-47.51996,-15.85354],[-47.51888,-15.85325],[-47.51743,-15.85311],[-47.51605,-15.8533],[-47.51447,-15.8536],[-47.5134,-15.85381],[-47.51191,-15.85411],[-47.51078,-15.85434],[-47.50917,-15.85466],[-47.50809,-15.85488],[-47.50674,-15.85514],[-47.50555,-15.85538],[-47.50314,-15.85586],[-47.50137,-15.85621],[-47.50005,-15.85647],[-47.49813,-15.85686],[-47.49338,-15.8578],[-47.49084,-15.85831],[-47.4881,-15.85885],[-47.48701,-15.85906],[-47.48125,-15.86022],[-47.4801,-15.86044],[-47.47848,-15.86079],[-47.47686,-15.86112],[-47.47513,-15.86148],[-47.47205,-15.8621],[-47.4707,-15.86237],[-47.46911,-15.86267],[-47.4672,-15.86306],[-47.46547,-15.86313],[-47.46391,-15.86284],[-47.46293,-15.86247],[-47.46211,-15.86202],[-47.46037,-15.86097],[-47.45952,-15.86045],[-47.45872,-15.85997],[-47.45713,-15.85901],[-47.45626,-15.85849],[-47.45534,-15.85807],[-47.45406,-15.85777],[-47.45287,-15.8577],[-47.45177,-15.85781],[-47.45073,-15.85805],[-47.44967,-15.85829],[-47.44785,-15.85873],[-47.44518,-15.85933],[-47.44307,-15.85982],[-47.44079,-15.86034],[-47.43883,-15.86079],[-47.43731,-15.86113],[-47.43492,-15.8617],[-47.43315,-15.86209],[-47.43185,-15.86241],[-47.42929,-15.863],[-47.42573,-15.86385],[-47.42439,-15.86411],[-47.42322,-15.86416],[-47.42211,-15.86401],[-47.42018,-15.86361],[-47.41915,-15.8634],[-47.41792,-15.86315],[-47.41262,-15.86204],[-47.4074,-15.86098],[-47.40265,-15.86],[-47.40008,-15.85947],[-47.39164,-15.85774],[-47.388,-15.85698],[-47.38704,-15.85644],[-47.38682,-15.855],[-47.38663,-15.85367],[-47.38631,-15.85146],[-47.38614,-15.85025],[-47.38596,-15.8489],[-47.38584,-15.84767],[-47.38534,-15.84614],[-47.38428,-15.84638],[-47.38364,-15.84707],[-47.38262,-15.84683],[-47.38233,-15.84568],[-47.38112,-15.84546],[-47.38083,-15.84645],[-47.38019,-15.84703],[-47.37942,-15.84638],[-47.37891,-15.84709],[-47.37811,-15.84655],[-47.37695,-15.84663],[-47.37643,-15.84591],[-47.37544,-15.84545],[-47.37428,-15.84535],[-47.37377,-15.84461],[-47.37277,-15.84499],[-47.37313,-15.84585],[-47.37232,-15.84624],[-47.37152,-15.84581],[-47.37035,-15.84618],[-47.36908,-15.84621],[-47.36889,-15.84735],[-47.37019,-15.84722],[-47.37113,-15.84764],[-47.37083,-15.84888],[-47.36965,-15.84884],[-47.36879,-15.84918],[-47.36939,-15.84979],[-47.36888,-15.85058],[-47.36842,-15.85135],[-47.3679,-15.85209],[-47.36809,-15.8532],[-47.36873,-15.85403],[-47.36955,-15.85444],[-47.37066,-15.85469],[-47.37011,-15.85536],[-47.36973,-15.85639],[-47.36937,-15.85733],[-47.36976,-15.85816],[-47.37003,-15.85919],[-47.3706,-15.85994],[-47.37001,-15.86077],[-47.37033,-15.86176],[-47.37125,-15.86216],[-47.37164,-15.86302],[-47.37222,-15.86237],[-47.37301,-15.8629],[-47.37371,-15.86359],[-47.37437,-15.86415],[-47.37406,-15.86505],[-47.37313,-15.86542],[-47.3719,-15.8654],[-47.37119,-15.8649],[-47.3712,-15.86613],[-47.3716,-15.86703],[-47.37125,-15.868],[-47.37189,-15.86869],[-47.37285,-15.86897],[-47.37287,-15.87025],[-47.37224,-15.87082],[-47.37167,-15.87148],[-47.37198,-15.87256],[-47.37327,-15.87274],[-47.37259,-15.87342],[-47.37205,-15.87425],[-47.37299,-15.87506],[-47.37368,-15.87569],[-47.37359,-15.87693],[-47.3744,-15.87743],[-47.37459,-15.87859],[-47.37557,-15.87886],[-47.37567,-15.88004],[-47.37619,-15.88074],[-47.37674,-15.88141],[-47.37749,-15.88095],[-47.37855,-15.88116],[-47.37929,-15.88055],[-47.38041,-15.88082],[-47.38023,-15.88194],[-47.37871,-15.88191],[-47.3777,-15.88219],[-47.37702,-15.88283],[-47.37752,-15.88364],[-47.37852,-15.88401],[-47.37812,-15.88502],[-47.37858,-15.88619],[-47.3789,-15.88711],[-47.37853,-15.88794],[-47.37783,-15.88732],[-47.37708,-15.88786],[-47.37744,-15.8888],[-47.37748,-15.89007],[-47.3779,-15.89108],[-47.3768,-15.89122],[-47.37618,-15.8918],[-47.37576,-15.89268],[-47.37655,-15.89329],[-47.37621,-15.89439],[-47.37566,-15.89507],[-47.37623,-15.89577],[-47.37726,-15.89601],[-47.37661,-15.89675],[-47.37533,-15.8971],[-47.37564,-15.89806],[-47.37572,-15.8993],[-47.37452,-15.89932],[-47.37336,-15.89937],[-47.37243,-15.89987],[-47.37265,-15.90095],[-47.37312,-15.90206],[-47.37343,-15.90298],[-47.37364,-15.90398],[-47.37394,-15.90497],[-47.37431,-15.90591],[-47.37484,-15.90666],[-47.3736,-15.90661],[-47.37256,-15.90639],[-47.37167,-15.90697],[-47.37106,-15.90778],[-47.36986,-15.90802],[-47.36864,-15.9083],[-47.36753,-15.90807],[-47.3669,-15.9087],[-47.36574,-15.90918],[-47.36601,-15.91018],[-47.36643,-15.9111],[-47.36717,-15.91164],[-47.36793,-15.91098],[-47.36792,-15.91223],[-47.36684,-15.91237],[-47.3668,-15.91359],[-47.36745,-15.91431],[-47.36787,-15.91514],[-47.3683,-15.91593],[-47.36846,-15.91701],[-47.36927,-15.91747],[-47.36823,-15.91771],[-47.36906,-15.91808],[-47.36871,-15.91919],[-47.36787,-15.91962],[-47.36726,-15.92024],[-47.36665,-15.92096],[-47.3658,-15.9206],[-47.36503,-15.91984],[-47.36385,-15.91989],[-47.3631,-15.92059],[-47.36248,-15.92127],[-47.36192,-15.92218],[-47.36234,-15.92305],[-47.36236,-15.92432],[-47.36192,-15.92518],[-47.36121,-15.92577],[-47.36188,-15.92632],[-47.36197,-15.92746],[-47.36266,-15.92804],[-47.36217,-15.92885],[-47.36276,-15.92954],[-47.3638,-15.9298],[-47.36343,-15.9309],[-47.36252,-15.93132],[-47.3634,-15.93167],[-47.36416,-15.9312],[-47.36477,-15.9306],[-47.36591,-15.93071],[-47.36582,-15.93186],[-47.36526,-15.93274],[-47.36582,-15.93342],[-47.36673,-15.93311],[-47.36792,-15.93301],[-47.36851,-15.93371],[-47.36877,-15.93477],[-47.36943,-15.93533],[-47.37063,-15.93534],[-47.37165,-15.93514],[-47.37269,-15.93563],[-47.37333,-15.93645],[-47.37358,-15.93754],[-47.37329,-15.93849],[-47.37246,-15.93789],[-47.37195,-15.93716],[-47.3714,-15.93632],[-47.37042,-15.93604],[-47.37052,-15.93731],[-47.37083,-15.93838],[-47.37176,-15.93866],[-47.37237,-15.93954],[-47.3726,-15.94055],[-47.37145,-15.94061],[-47.37025,-15.94045],[-47.36935,-15.94091],[-47.37002,-15.94146],[-47.37061,-15.94217],[-47.37011,-15.94293],[-47.37016,-15.94421],[-47.36979,-15.94551],[-47.36904,-15.94639],[-47.36848,-15.94706],[-47.36957,-15.94718],[-47.37066,-15.94697],[-47.37051,-15.94587],[-47.37121,-15.94645],[-47.37139,-15.94752],[-47.3709,-15.9483],[-47.37124,-15.94937],[-47.37076,-15.95042],[-47.37094,-15.9519],[-47.37151,-15.95265],[-47.37228,-15.95342],[-47.37202,-15.95462],[-47.37182,-15.95569],[-47.37264,-15.9561],[-47.37382,-15.9562],[-47.37488,-15.95636],[-47.37488,-15.95759],[-47.37448,-15.9584],[-47.37325,-15.95857],[-47.37312,-15.95971],[-47.37407,-15.96],[-47.37482,-15.96052],[-47.37549,-15.96109],[-47.37627,-15.96164],[-47.37717,-15.96197],[-47.37836,-15.962],[-47.37782,-15.96272],[-47.37725,-15.96343],[-47.37708,-15.96451],[-47.37656,-15.96535],[-47.37582,-15.96599],[-47.37539,-15.96677],[-47.37606,-15.96746],[-47.37612,-15.96868],[-47.3772,-15.96886],[-47.37804,-15.96819],[-47.37922,-15.96831],[-47.37869,-15.96921],[-47.37834,-15.97018],[-47.37737,-15.9709],[-47.37717,-15.97201],[-47.37802,-15.97266],[-47.37867,-15.97324],[-47.37813,-15.97403],[-47.37772,-15.97495],[-47.37807,-15.97628],[-47.37858,-15.9772],[-47.37831,-15.97826],[-47.37726,-15.97842],[-47.37614,-15.97868],[-47.37585,-15.97989],[-47.37508,-15.98035],[-47.37434,-15.97971],[-47.37367,-15.98083],[-47.37445,-15.98145],[-47.37563,-15.9818],[-47.37646,-15.98235],[-47.37597,-15.98333],[-47.37608,-15.98475],[-47.37651,-15.98575],[-47.37601,-15.98667],[-47.37548,-15.98778],[-47.37487,-15.98908],[-47.37438,-15.99053],[-47.37389,-15.99234],[-47.3736,-15.9934],[-47.37268,-15.99432],[-47.37139,-15.99458],[-47.37062,-15.99529],[-47.37028,-15.99652],[-47.37037,-15.99878],[-47.37037,-16.0003],[-47.36985,-16.00139],[-47.36921,-16.00235],[-47.3681,-16.00202],[-47.36694,-16.00151],[-47.36564,-16.00149],[-47.36491,-16.00215],[-47.36511,-16.00323],[-47.36485,-16.00429],[-47.36415,-16.00502],[-47.36338,-16.0056],[-47.36229,-16.00619],[-47.36135,-16.00668],[-47.36027,-16.0069],[-47.36016,-16.00803],[-47.35899,-16.00837],[-47.35725,-16.00876],[-47.35578,-16.00845],[-47.35449,-16.00764],[-47.35232,-16.00738],[-47.35113,-16.00715],[-47.34971,-16.00715],[-47.34852,-16.00747],[-47.34784,-16.00806],[-47.34719,-16.00862],[-47.34631,-16.00943],[-47.346,-16.01069],[-47.34505,-16.01154],[-47.34348,-16.01183],[-47.34233,-16.01216],[-47.34068,-16.01272],[-47.33995,-16.01325],[-47.33982,-16.01461],[-47.34051,-16.01572],[-47.34057,-16.01728],[-47.34067,-16.01878],[-47.33944,-16.01926],[-47.3387,-16.01878],[-47.33773,-16.01829],[-47.33668,-16.01852],[-47.33622,-16.01972],[-47.33552,-16.02029],[-47.33483,-16.02086],[-47.33335,-16.02197],[-47.33199,-16.02229],[-47.33107,-16.02282],[-47.3305,-16.02382],[-47.33027,-16.02484],[-47.32941,-16.02546],[-47.32893,-16.0266],[-47.32839,-16.0276],[-47.32738,-16.02805],[-47.32517,-16.02879],[-47.32408,-16.02924],[-47.32301,-16.02968],[-47.32154,-16.03054],[-47.32006,-16.03232],[-47.31933,-16.03409],[-47.31883,-16.03519],[-47.31798,-16.03597],[-47.31626,-16.03606],[-47.31452,-16.03572],[-47.31257,-16.03584],[-47.31094,-16.03627],[-47.31113,-16.03745],[-47.31148,-16.03855],[-47.31172,-16.03966],[-47.31162,-16.04091],[-47.31131,-16.04201],[-47.31014,-16.04999],[-47.61733,-16.05034],[-47.61719,-16.04881],[-47.61692,-16.0454],[-47.61677,-16.04351],[-47.61651,-16.04027],[-47.61626,-16.03722],[-47.61614,-16.03582],[-47.61588,-16.0325],[-47.61563,-16.02948],[-47.61553,-16.02821],[-47.61517,-16.02377],[-47.61488,-16.02029],[-47.61478,-16.01896],[-47.61466,-16.01739],[-47.61452,-16.0157],[-47.61433,-16.01457],[-47.61398,-16.01359],[-47.61316,-16.01221],[-47.61143,-16.0094],[-47.60968,-16.00658],[-47.60506,-15.99911],[-47.60329,-15.99625],[-47.60218,-15.99445],[-47.60155,-15.99341],[-47.60019,-15.99123],[-47.59918,-15.9896],[-47.59849,-15.98849],[-47.59792,-15.98763],[-47.59722,-15.98677],[-47.59612,-15.98542],[-47.59555,-15.98464],[-47.59438,-15.98285],[-47.59175,-15.97859],[-47.59045,-15.97647],[-47.58944,-15.97484],[-47.58881,-15.9738],[-47.58827,-15.97261],[-47.5878,-15.97084],[-47.58729,-15.96974],[-47.58794,-15.96867],[-47.58841,-15.96792],[-47.58912,-15.96679],[-47.59048,-15.96462],[-47.59164,-15.96276],[-47.59264,-15.96115],[-47.59338,-15.95996],[-47.59458,-15.95804],[-47.59532,-15.95685],[-47.59731,-15.95365],[-47.5983,-15.95207],[-47.59904,-15.95087],[-47.60059,-15.94837],[-47.60149,-15.94693],[-47.60251,-15.9453],[-47.60403,-15.94284],[-47.60467,-15.94183],[-47.60525,-15.94091],[-47.60576,-15.94008],[-47.60643,-15.93901],[-47.60703,-15.93825],[-47.60779,-15.93762],[-47.60863,-15.93719],[-47.60981,-15.93689],[-47.61108,-15.93692],[-47.61212,-15.93716],[-47.61331,-15.93749],[-47.61616,-15.93829],[-47.61735,-15.93864],[-47.61838,-15.93917],[-47.62005,-15.94039],[-47.62137,-15.94137],[-47.62611,-15.9449],[-47.62867,-15.94683],[-47.62932,-15.94744],[-47.63003,-15.94838],[-47.63049,-15.94942],[-47.63076,-15.95059],[-47.63084,-15.95193],[-47.63109,-15.95332],[-47.63149,-15.95424],[-47.63205,-15.95507],[-47.63292,-15.95596],[-47.63402,-15.95684],[-47.63476,-15.95754],[-47.63544,-15.95837],[-47.63643,-15.95956],[-47.6372,-15.96031],[-47.63817,-15.9609],[-47.63916,-15.96141],[-47.64061,-15.96214],[-47.6415,-15.9626],[-47.64232,-15.96306],[-47.6433,-15.9639],[-47.64456,-15.9652],[-47.64561,-15.96627],[-47.64643,-15.96711],[-47.64713,-15.9678],[-47.64786,-15.96835],[-47.64872,-15.96877],[-47.65013,-15.96917],[-47.6514,-15.96923],[-47.65256,-15.96904],[-47.65358,-15.96867],[-47.65443,-15.96821],[-47.65518,-15.96758],[-47.65623,-15.96657],[-47.65715,-15.96569],[-47.65836,-15.96452],[-47.65907,-15.96384],[-47.65986,-15.96331],[-47.66095,-15.9628],[-47.66198,-15.96239],[-47.66254,-15.96154],[-47.66315,-15.96091],[-47.6635,-15.96003],[-47.6633,-15.95888],[-47.66209,-15.95878],[-47.66184,-15.95769],[-47.66152,-15.95674],[-47.66054,-15.95625],[-47.65976,-15.95573],[-47.65979,-15.95453],[-47.66049,-15.95393],[-47.66169,-15.95387],[-47.66275,-15.95367],[-47.66324,-15.95278],[-47.66414,-15.95242],[-47.66489,-15.95298],[-47.66579,-15.95268],[-47.66649,-15.95204],[-47.66675,-15.95104],[-47.66697,-15.94978],[-47.66742,-15.94866],[-47.66786,-15.94786],[-47.6683,-15.94696],[-47.66872,-15.946],[-47.66853,-15.94498],[-47.66753,-15.94471],[-47.66688,-15.94414],[-47.66638,-15.94304],[-47.6676,-15.94312],[-47.66866,-15.9433],[-47.66898,-15.94236],[-47.66847,-15.94162],[-47.66846,-15.9403],[-47.6685,-15.93899],[-47.66857,-15.93781],[-47.66944,-15.93737],[-47.66927,-15.9362],[-47.66868,-15.93525],[-47.66828,-15.93433],[-47.66881,-15.93338],[-47.66949,-15.93267],[-47.67006,-15.93202],[-47.67064,-15.93116],[-47.6703,-15.92983],[-47.6698,-15.92908],[-47.67108,-15.92911],[-47.67177,-15.92856],[-47.67199,-15.92746],[-47.67293,-15.92774],[-47.67422,-15.92798],[-47.67498,-15.92864],[-47.67558,-15.92936],[-47.67613,-15.93018],[-47.67683,-15.9296],[-47.67726,-15.9286],[-47.67719,-15.92725],[-47.67692,-15.92615],[-47.67619,-15.92547],[-47.6755,-15.92476],[-47.67576,-15.92373],[-47.67694,-15.9236],[-47.67764,-15.92262],[-47.67817,-15.92194],[-47.67911,-15.92153],[-47.67961,-15.92082],[-47.68005,-15.91971],[-47.68061,-15.91886],[-47.68135,-15.91933],[-47.68117,-15.92076],[-47.6817,-15.92149],[-47.68238,-15.9209],[-47.68253,-15.9198],[-47.6826,-15.91866],[-47.68229,-15.91772],[-47.68251,-15.91631],[-47.68304,-15.91541],[-47.68441,-15.91514],[-47.68373,-15.91454],[-47.68248,-15.91452],[-47.68172,-15.91361],[-47.68097,-15.91292],[-47.68029,-15.91181],[-47.68121,-15.91133],[-47.68197,-15.91084],[-47.68232,-15.90985],[-47.68335,-15.9102],[-47.68408,-15.90964],[-47.68509,-15.91008],[-47.68528,-15.91117],[-47.68665,-15.91171],[-47.68803,-15.91159],[-47.68756,-15.91039],[-47.68707,-15.90967],[-47.68702,-15.90843],[-47.68729,-15.90741],[-47.68769,-15.90644],[-47.68856,-15.90609],[-47.68877,-15.90711],[-47.68839,-15.908],[-47.68896,-15.90875],[-47.68958,-15.90798],[-47.6898,-15.90693],[-47.69031,-15.90622],[-47.69119,-15.90572],[-47.6914,-15.90466],[-47.69164,-15.90568],[-47.69224,-15.90666],[-47.69295,-15.90719],[-47.69412,-15.90715],[-47.69374,-15.90579],[-47.69315,-15.90513],[-47.69382,-15.90459],[-47.69545,-15.90512],[-47.69641,-15.90543],[-47.69681,-15.90454],[-47.69639,-15.90375],[-47.69754,-15.90359],[-47.69868,-15.90335],[-47.69827,-15.90237],[-47.6976,-15.90179],[-47.69741,-15.90046],[-47.69764,-15.89936],[-47.69867,-15.89962],[-47.69935,-15.90021],[-47.69958,-15.89923],[-47.69903,-15.89838],[-47.69921,-15.89725],[-47.70038,-15.89735],[-47.70168,-15.89758],[-47.70139,-15.89656],[-47.7007,-15.89576],[-47.70079,-15.89458],[-47.70196,-15.89468],[-47.70251,-15.89537],[-47.70323,-15.89475],[-47.7036,-15.8938],[-47.70389,-15.89272],[-47.7051,-15.89274],[-47.70592,-15.89328],[-47.70653,-15.89393],[-47.70717,-15.89329],[-47.70682,-15.89215],[-47.70735,-15.89129],[-47.70836,-15.8915],[-47.70929,-15.89186],[-47.70885,-15.89068],[-47.7082,-15.88986],[-47.70879,-15.88911],[-47.70951,-15.88858],[-47.71029,-15.88812],[-47.71137,-15.88834],[-47.71201,-15.88768],[-47.71177,-15.88671],[-47.7111,-15.8861],[-47.71001,-15.88631],[-47.70926,-15.88581],[-47.70993,-15.88509],[-47.71045,-15.88441],[-47.70973,-15.8839],[-47.70937,-15.88289],[-47.70883,-15.88164],[-47.70812,-15.88096],[-47.70763,-15.88022],[-47.70788,-15.87925],[-47.70823,-15.87815],[-47.70856,-15.87727],[-47.70933,-15.87773],[-47.70957,-15.87638],[-47.70966,-15.8752],[-47.71063,-15.87564],[-47.7117,-15.87586],[-47.7126,-15.87546],[-47.71308,-15.87623],[-47.71415,-15.87646],[-47.71444,-15.87746],[-47.7152,-15.87798],[-47.71603,-15.87758],[-47.71655,-15.87835],[-47.71729,-15.87766],[-47.71814,-15.87729],[-47.71934,-15.87746],[-47.71973,-15.87654],[-47.72076,-15.87627],[-47.72175,-15.87655],[-47.72202,-15.87555],[-47.72296,-15.87513],[-47.72383,-15.87463],[-47.72411,-15.87556],[-47.72476,-15.87499],[-47.72546,-15.87447],[-47.72651,-15.87465],[-47.72719,-15.87521],[-47.72748,-15.87429],[-47.7284,-15.87458],[-47.72909,-15.87398],[-47.72993,-15.87435],[-47.73089,-15.87406],[-47.73121,-15.87308],[-47.73197,-15.87353],[-47.73213,-15.87241],[-47.73326,-15.8722],[-47.73421,-15.87184],[-47.73542,-15.8719],[-47.73654,-15.87199],[-47.73677,-15.87097],[-47.73761,-15.87057],[-47.73873,-15.87043],[-47.73977,-15.87059],[-47.74037,-15.86987],[-47.74099,-15.86909],[-47.74163,-15.8684],[-47.74192,-15.86737],[-47.74177,-15.86627],[-47.74243,-15.8657],[-47.74347,-15.86543],[-47.74316,-15.86395],[-47.74338,-15.86295],[-47.74386,-15.86216],[-47.74436,-15.86137],[-47.74493,-15.86066],[-47.74587,-15.86038],[-47.7469,-15.85993],[-47.74693,-15.85873],[-47.74707,-15.85759],[-47.74666,-15.85678],[-47.7464,-15.85558],[-47.74616,-15.85446],[-47.74544,-15.85395],[-47.74636,-15.85351],[-47.74669,-15.85248],[-47.74784,-15.85237],[-47.74851,-15.85157],[-47.74922,-15.8505],[-47.74972,-15.8498],[-47.75037,-15.84923],[-47.75087,-15.84842],[-47.75161,-15.84791],[-47.75248,-15.8473],[-47.75283,-15.84639],[-47.75378,-15.84559],[-47.75473,-15.84503],[-47.75506,-15.84415],[-47.75595,-15.84374],[-47.7567,-15.84317],[-47.75748,-15.84256],[-47.75821,-15.84205],[-47.75935,-15.84199],[-47.75994,-15.84135],[-47.76053,-15.84065],[-47.7617,-15.84032],[-47.76234,-15.83972],[-47.7632,-15.83936],[-47.76398,-15.83889],[-47.76502,-15.83853],[-47.7661,-15.83823],[-47.76687,-15.83757],[-47.76783,-15.83703],[-47.7688,-15.83677],[-47.76958,-15.83595],[-47.77042,-15.83542],[-47.77133,-15.83472],[-47.77186,-15.83403],[-47.77215,-15.83293],[-47.77238,-15.83185],[-47.77214,-15.83073],[-47.77173,-15.82974],[-47.77142,-15.8288],[-47.77101,-15.82779],[-47.7706,-15.82685],[-47.77175,-15.82651],[-47.77234,-15.82582],[-47.77278,-15.82475],[-47.77334,-15.82394],[-47.77292,-15.82301],[-47.77182,-15.82205],[-47.76951,-15.82209],[-47.76895,-15.82121],[-47.76744,-15.81978],[-47.77074,-15.81895],[-47.77403,-15.81805],[-47.77553,-15.81749],[-47.77678,-15.81714],[-47.77791,-15.81682],[-47.77954,-15.81636],[-47.78178,-15.81575],[-47.78018,-15.81503],[-47.7791,-15.81458],[-47.77815,-15.81405],[-47.77742,-15.81356],[-47.7766,-15.81282],[-47.77557,-15.81167],[-47.77497,-15.81097],[-47.77408,-15.80992],[-47.77318,-15.80887],[-47.77253,-15.8081],[-47.77155,-15.8072],[-47.77083,-15.80624],[-47.77061,-15.80518],[-47.77104,-15.8039],[-47.77153,-15.8026],[-47.77194,-15.80151],[-47.77315,-15.79794],[-47.77374,-15.79701],[-47.77427,-15.79627],[-47.77505,-15.79582],[-47.77623,-15.796],[-47.77644,-15.79712],[-47.77619,-15.79807],[-47.7763,-15.79932],[-47.77747,-15.7995],[-47.77842,-15.79921],[-47.77981,-15.79923],[-47.78099,-15.79905],[-47.78197,-15.7988],[-47.78332,-15.79808],[-47.78393,-15.79746],[-47.7845,-15.79681],[-47.78463,-15.79562],[-47.78437,-15.79409],[-47.78505,-15.79353],[-47.78555,-15.79255],[-47.7858,-15.79154],[-47.78619,-15.79069],[-47.78729,-15.79089],[-47.78747,-15.78982],[-47.78779,-15.78888],[-47.78848,-15.78953],[-47.78895,-15.79032],[-47.78881,-15.78903],[-47.78863,-15.7875],[-47.78822,-15.78645],[-47.78778,-15.78532],[-47.7874,-15.78394],[-47.78712,-15.78285],[-47.78679,-15.78196],[-47.78786,-15.7818],[-47.78902,-15.78164],[-47.79089,-15.7814],[-47.79242,-15.78118],[-47.79363,-15.78104],[-47.79477,-15.78114],[-47.79627,-15.7816],[-47.79709,-15.78207],[-47.79789,-15.78275],[-47.79865,-15.78368],[-47.79911,-15.78449],[-47.79967,-15.78535],[-47.80038,-15.78612],[-47.80127,-15.78679],[-47.80233,-15.78731],[-47.80351,-15.78736],[-47.80437,-15.78685],[-47.80496,-15.78583],[-47.80533,-15.78433],[-47.80576,-15.78348],[-47.80654,-15.78247],[-47.80722,-15.78183],[-47.80791,-15.78113],[-47.80876,-15.77988],[-47.80982,-15.7782],[-47.81062,-15.77692],[-47.81123,-15.77596],[-47.81175,-15.77513],[-47.8127,-15.77357],[-47.81311,-15.77245],[-47.81316,-15.77092],[-47.8129,-15.76995],[-47.81235,-15.76894],[-47.81145,-15.76794],[-47.81003,-15.76653],[-47.80942,-15.76591],[-47.80871,-15.76507],[-47.80848,-15.76408],[-47.80885,-15.76307],[-47.80945,-15.7624],[-47.81069,-15.76113],[-47.81154,-15.76027],[-47.81224,-15.75949],[-47.81315,-15.75813],[-47.81187,-15.75743],[-47.81069,-15.75727],[-47.80924,-15.75782],[-47.8083,-15.75839],[-47.80741,-15.75874],[-47.80529,-15.75907],[-47.80399,-15.75928],[-47.80236,-15.75953],[-47.8002,-15.75987],[-47.7962,-15.76049],[-47.79442,-15.76077],[-47.7922,-15.76113],[-47.79027,-15.76142],[-47.78892,-15.76155],[-47.78764,-15.76148],[-47.78512,-15.76092],[-47.78393,-15.76048],[-47.78268,-15.76001],[-47.78097,-15.75943],[-47.77714,-15.75801],[-47.77451,-15.75709],[-47.77225,-15.75626],[-47.77038,-15.75558],[-47.76707,-15.75438],[-47.76433,-15.75339],[-47.76314,-15.75294],[-47.76217,-15.7526],[-47.7612,-15.75229],[-47.7602,-15.75207],[-47.759,-15.75196],[-47.75777,-15.75197],[-47.75623,-15.75226],[-47.75494,-15.75269],[-47.7541,-15.75309],[-47.75314,-15.75365],[-47.75166,-15.75456],[-47.7499,-15.75566],[-47.7481,-15.75678],[-47.74675,-15.75762],[-47.74429,-15.75912],[-47.74248,-15.76024],[-47.74131,-15.76096],[-47.73986,-15.76184],[-47.73898,-15.76228],[-47.7378,-15.76272],[-47.73681,-15.76296],[-47.73534,-15.76313],[-47.73404,-15.76307],[-47.73292,-15.76289],[-47.73193,-15.76257],[-47.73106,-15.76223],[-47.72944,-15.7613],[-47.72773,-15.76009],[-47.72656,-15.75927],[-47.72499,-15.75817],[-47.72342,-15.75706],[-47.72236,-15.75632],[-47.72126,-15.75557],[-47.71901,-15.75394],[-47.7183,-15.75343],[-47.71734,-15.75277],[-47.7165,-15.75219],[-47.71501,-15.75112],[-47.7134,-15.74998],[-47.71239,-15.74927],[-47.70988,-15.7475],[-47.70837,-15.74643],[-47.70762,-15.74589],[-47.70677,-15.7453],[-47.70582,-15.74463],[-47.70461,-15.7438],[-47.70236,-15.74262],[-47.70155,-15.7422],[-47.70051,-15.74168],[-47.69965,-15.74124],[-47.69885,-15.74083],[-47.6978,-15.74029],[-47.6961,-15.73942],[-47.69488,-15.7388],[-47.69358,-15.73814],[-47.69207,-15.73736],[-47.69074,-15.7367],[-47.68961,-15.73627],[-47.68835,-15.73598],[-47.68701,-15.73587],[-47.68467,-15.73581],[-47.68281,-15.7358],[-47.68158,-15.73578],[-47.68027,-15.7357],[-47.67916,-15.7352],[-47.67819,-15.73451],[-47.67724,-15.73407],[-47.67594,-15.73422],[-47.67482,-15.73437],[-47.67376,-15.73406],[-47.67199,-15.73233],[-47.67124,-15.73157],[-47.6703,-15.73074],[-47.66956,-15.73025],[-47.66709,-15.72872],[-47.66612,-15.72813],[-47.66502,-15.72746],[-47.66406,-15.72711],[-47.66299,-15.72696],[-47.66179,-15.72707],[-47.66046,-15.72743],[-47.66073,-15.72852],[-47.66112,-15.73039],[-47.6617,-15.73316],[-47.66188,-15.73406]]]]}},{"type":"Feature","id":11,"properties":{"id":11,"nome":"Guará","roman":"X"},"geometry":{"type":"MultiPolygon","coordinates":[[[[-47.97051,-15.80634],[-47.9707,-15.80755],[-47.96956,-15.80763],[-47.96843,-15.80729],[-47.96682,-15.80736],[-47.96484,-15.80764],[-47.96195,-15.80807],[-47.96003,-15.80836],[-47.95782,-15.8087],[-47.95509,-15.80911],[-47.95207,-15.80957],[-47.94953,-15.80998],[-47.9484,-15.81015],[-47.9488,-15.81264],[-47.94954,-15.817],[-47.95002,-15.82006],[-47.95032,-15.8219],[-47.95053,-15.82316],[-47.95113,-15.827],[-47.9513,-15.82809],[-47.95149,-15.82935],[-47.9517,-15.83072],[-47.95188,-15.83177],[-47.95206,-15.83296],[-47.95227,-15.83417],[-47.95265,-15.83658],[-47.95285,-15.83782],[-47.95314,-15.83962],[-47.95337,-15.84109],[-47.9538,-15.84377],[-47.95415,-15.84592],[-47.95455,-15.84839],[-47.95555,-15.84866],[-47.95576,-15.85001],[-47.95617,-15.85256],[-47.95645,-15.85431],[-47.95809,-15.85423],[-47.96047,-15.85386],[-47.96169,-15.85375],[-47.96262,-15.86039],[-47.96194,-15.86139],[-47.96118,-15.86196],[-47.95971,-15.86291],[-47.96015,-15.86379],[-47.96126,-15.8637],[-47.9621,-15.86408],[-47.96284,-15.86362],[-47.96333,-15.86286],[-47.96432,-15.86263],[-47.96517,-15.86219],[-47.96578,-15.86156],[-47.96645,-15.86103],[-47.96766,-15.86104],[-47.96861,-15.86131],[-47.96981,-15.86131],[-47.97089,-15.86117],[-47.97155,-15.86172],[-47.97186,-15.86081],[-47.97205,-15.8598],[-47.97283,-15.85931],[-47.97339,-15.85867],[-47.97462,-15.85867],[-47.97543,-15.85907],[-47.97624,-15.85864],[-47.9772,-15.85835],[-47.97778,-15.85769],[-47.978,-15.85669],[-47.97845,-15.85585],[-47.97905,-15.8552],[-47.97933,-15.85422],[-47.97961,-15.85329],[-47.98014,-15.85258],[-47.98083,-15.85202],[-47.98134,-15.85133],[-47.98159,-15.85037],[-47.98241,-15.84998],[-47.98331,-15.85031],[-47.98415,-15.8507],[-47.98463,-15.84997],[-47.98493,-15.84906],[-47.98543,-15.84835],[-47.98606,-15.84771],[-47.98707,-15.84752],[-47.98806,-15.84726],[-47.9888,-15.84677],[-47.98956,-15.84631],[-47.98988,-15.84543],[-47.98946,-15.84456],[-47.98991,-15.84381],[-47.98985,-15.84264],[-47.99004,-15.8416],[-47.99033,-15.84068],[-47.99106,-15.84017],[-47.99158,-15.8394],[-47.99179,-15.83837],[-47.99186,-15.83723],[-47.99262,-15.83677],[-47.99301,-15.83593],[-47.99323,-15.83493],[-47.99313,-15.83381],[-47.99348,-15.83292],[-47.99417,-15.83238],[-47.99495,-15.83194],[-47.99531,-15.83094],[-47.99509,-15.82995],[-47.99547,-15.82908],[-47.99516,-15.82813],[-47.99548,-15.82723],[-47.99627,-15.82677],[-47.99649,-15.82575],[-47.99619,-15.82478],[-47.99594,-15.82383],[-47.99645,-15.82297],[-47.99732,-15.82262],[-47.99796,-15.82202],[-47.99873,-15.82157],[-47.99919,-15.82081],[-48.00012,-15.82029],[-48.00016,-15.8191],[-48.00038,-15.81806],[-48.00139,-15.81726],[-48.00245,-15.81676],[-48.00347,-15.81611],[-48.00435,-15.81564],[-48.00478,-15.81478],[-48.00404,-15.81426],[-48.00257,-15.81372],[-48.00143,-15.8133],[-48.00049,-15.81295],[-47.99949,-15.81257],[-47.99859,-15.81223],[-47.99766,-15.81189],[-47.99634,-15.81141],[-47.99491,-15.81095],[-47.99316,-15.81093],[-47.9927,-15.80993],[-47.99252,-15.80888],[-47.99219,-15.8067],[-47.9913,-15.80618],[-47.99102,-15.80525],[-47.99038,-15.80439],[-47.98897,-15.80391],[-47.9881,-15.80344],[-47.98725,-15.8027],[-47.98645,-15.80199],[-47.98554,-15.80141],[-47.98434,-15.8008],[-47.98345,-15.80035],[-47.98243,-15.79983],[-47.98157,-15.80051],[-47.9807,-15.80105],[-47.97986,-15.80204],[-47.97885,-15.80266],[-47.97719,-15.80292],[-47.9742,-15.80338],[-47.97183,-15.80375],[-47.97158,-15.80475],[-47.97029,-15.80494],[-47.97051,-15.80634]]]]}},{"type":"Feature","id":12,"properties":{"id":12,"nome":"Samambaia","roman":"XII"},"geometry":{"type":"MultiPolygon","coordinates":[[[[-48.04743,-15.85948],[-48.0465,-15.86025],[-48.04581,-15.86092],[-48.04509,-15.86164],[-48.04435,-15.86214],[-48.04393,-15.86293],[-48.04001,-15.86355],[-48.03747,-15.86819],[-48.04073,-15.87037],[-48.04533,-15.87345],[-48.04699,-15.87456],[-48.04771,-15.87504],[-48.04844,-15.87603],[-48.04917,-15.87654],[-48.04996,-15.87708],[-48.05071,-15.87759],[-48.05151,-15.87813],[-48.05245,-15.87873],[-48.05386,-15.87969],[-48.0547,-15.88021],[-48.0559,-15.88084],[-48.05712,-15.88137],[-48.05835,-15.88183],[-48.05967,-15.88225],[-48.06089,-15.88262],[-48.06259,-15.88311],[-48.06468,-15.88354],[-48.0677,-15.88447],[-48.07024,-15.88525],[-48.07202,-15.88579],[-48.07523,-15.88676],[-48.07798,-15.88758],[-48.08098,-15.88851],[-48.08401,-15.88939],[-48.08687,-15.89027],[-48.08993,-15.89117],[-48.09431,-15.8925],[-48.0964,-15.89313],[-48.09838,-15.89373],[-48.10166,-15.89473],[-48.10406,-15.89543],[-48.10689,-15.89629],[-48.10932,-15.89702],[-48.11208,-15.89787],[-48.11525,-15.89881],[-48.11776,-15.89957],[-48.12076,-15.90047],[-48.1236,-15.90132],[-48.12666,-15.90225],[-48.12957,-15.90312],[-48.13205,-15.90386],[-48.1347,-15.90464],[-48.13765,-15.90554],[-48.13952,-15.90626],[-48.14048,-15.9066],[-48.14267,-15.90728],[-48.1452,-15.90804],[-48.14734,-15.90869],[-48.14903,-15.90921],[-48.15136,-15.90989],[-48.15413,-15.91072],[-48.15661,-15.91147],[-48.15929,-15.9123],[-48.16075,-15.91274],[-48.16181,-15.91325],[-48.16281,-15.91404],[-48.16348,-15.91485],[-48.16398,-15.91572],[-48.16441,-15.91706],[-48.16495,-15.91899],[-48.16555,-15.92106],[-48.16609,-15.92286],[-48.16739,-15.92334],[-48.1692,-15.92292],[-48.1701,-15.92244],[-48.17112,-15.92088],[-48.17163,-15.92006],[-48.1722,-15.91928],[-48.173,-15.91862],[-48.17408,-15.91818],[-48.17542,-15.91809],[-48.177,-15.9185],[-48.17808,-15.91886],[-48.17878,-15.91936],[-48.17929,-15.92007],[-48.17973,-15.92198],[-48.18024,-15.92286],[-48.18112,-15.92346],[-48.18235,-15.92357],[-48.18336,-15.92316],[-48.18519,-15.92146],[-48.18617,-15.92052],[-48.18688,-15.91998],[-48.18779,-15.91965],[-48.18923,-15.9198],[-48.19053,-15.92028],[-48.19339,-15.92138],[-48.19427,-15.92173],[-48.19594,-15.92235],[-48.19778,-15.92309],[-48.19939,-15.9237],[-48.20052,-15.92431],[-48.20236,-15.92553],[-48.20323,-15.92614],[-48.20516,-15.9274],[-48.20696,-15.92853],[-48.20792,-15.92912],[-48.2114,-15.93127],[-48.21272,-15.93203],[-48.21442,-15.93278],[-48.21749,-15.93415],[-48.21836,-15.93453],[-48.21942,-15.93439],[-48.22036,-15.93401],[-48.22146,-15.93439],[-48.22175,-15.93533],[-48.22246,-15.93585],[-48.22329,-15.93544],[-48.22368,-15.93455],[-48.22439,-15.93403],[-48.22552,-15.93414],[-48.22637,-15.93372],[-48.22656,-15.93269],[-48.22732,-15.93207],[-48.22826,-15.93145],[-48.22887,-15.93207],[-48.22982,-15.93181],[-48.23026,-15.93272],[-48.23096,-15.93323],[-48.23177,-15.93369],[-48.23239,-15.93427],[-48.23325,-15.93462],[-48.23381,-15.93531],[-48.23458,-15.93487],[-48.23441,-15.93377],[-48.23497,-15.93291],[-48.23571,-15.93243],[-48.23646,-15.9317],[-48.23711,-15.93101],[-48.23756,-15.93016],[-48.23835,-15.92936],[-48.23964,-15.92929],[-48.24028,-15.93023],[-48.24093,-15.93093],[-48.24174,-15.93141],[-48.24266,-15.93192],[-48.24386,-15.932],[-48.24499,-15.9319],[-48.24619,-15.93222],[-48.24651,-15.93311],[-48.24751,-15.9336],[-48.24854,-15.93388],[-48.24974,-15.93381],[-48.25103,-15.93408],[-48.25158,-15.93477],[-48.25241,-15.93545],[-48.25317,-15.93613],[-48.2539,-15.9366],[-48.25467,-15.936],[-48.25492,-15.93486],[-48.25532,-15.93378],[-48.25574,-15.93273],[-48.25632,-15.932],[-48.25729,-15.93229],[-48.25834,-15.93191],[-48.25883,-15.93119],[-48.25857,-15.93021],[-48.25916,-15.92928],[-48.25927,-15.92798],[-48.25893,-15.927],[-48.25875,-15.92558],[-48.25925,-15.92483],[-48.25866,-15.92382],[-48.25907,-15.92266],[-48.25955,-15.92193],[-48.2592,-15.92072],[-48.25832,-15.92011],[-48.25791,-15.91911],[-48.25818,-15.91818],[-48.25716,-15.9179],[-48.2562,-15.91764],[-48.25503,-15.91724],[-48.25391,-15.91693],[-48.25441,-15.91619],[-48.25518,-15.91555],[-48.25436,-15.91511],[-48.25488,-15.91409],[-48.2552,-15.91296],[-48.25501,-15.91189],[-48.25432,-15.91136],[-48.25359,-15.91087],[-48.25248,-15.91058],[-48.25222,-15.90949],[-48.25152,-15.90899],[-48.25061,-15.90869],[-48.24934,-15.90877],[-48.24841,-15.90907],[-48.24751,-15.90872],[-48.24686,-15.9093],[-48.24678,-15.90817],[-48.24718,-15.90733],[-48.24603,-15.90707],[-48.24511,-15.90677],[-48.24429,-15.90633],[-48.2437,-15.90563],[-48.24301,-15.90499],[-48.24197,-15.9048],[-48.24093,-15.90463],[-48.24024,-15.90391],[-48.24038,-15.90283],[-48.23957,-15.90325],[-48.23865,-15.90372],[-48.23745,-15.90366],[-48.23648,-15.90331],[-48.23585,-15.9027],[-48.23647,-15.90208],[-48.23694,-15.90126],[-48.23656,-15.9004],[-48.23694,-15.89952],[-48.23589,-15.89971],[-48.23532,-15.89899],[-48.23491,-15.89998],[-48.23455,-15.90093],[-48.23373,-15.90047],[-48.23264,-15.90059],[-48.23182,-15.90107],[-48.23089,-15.90077],[-48.23049,-15.90159],[-48.22941,-15.90175],[-48.22824,-15.90169],[-48.22864,-15.90085],[-48.22809,-15.90011],[-48.227,-15.9],[-48.22634,-15.9006],[-48.2256,-15.9011],[-48.22458,-15.90086],[-48.22475,-15.90205],[-48.22365,-15.90217],[-48.22312,-15.90135],[-48.22272,-15.90044],[-48.22176,-15.90071],[-48.22086,-15.90104],[-48.2203,-15.90036],[-48.22045,-15.89915],[-48.22009,-15.8981],[-48.21914,-15.89838],[-48.21861,-15.89912],[-48.21815,-15.89808],[-48.21756,-15.89739],[-48.21634,-15.89731],[-48.21502,-15.89725],[-48.21378,-15.89736],[-48.21257,-15.89723],[-48.21238,-15.89618],[-48.21161,-15.89573],[-48.21077,-15.8962],[-48.21037,-15.89702],[-48.20973,-15.89641],[-48.20919,-15.89566],[-48.2082,-15.89542],[-48.20774,-15.89462],[-48.20808,-15.89373],[-48.20719,-15.89327],[-48.20619,-15.89297],[-48.20603,-15.89185],[-48.20514,-15.89142],[-48.2043,-15.89182],[-48.2033,-15.89155],[-48.20219,-15.89138],[-48.20209,-15.88999],[-48.20158,-15.88921],[-48.20077,-15.88859],[-48.20023,-15.88779],[-48.20068,-15.88695],[-48.20081,-15.88584],[-48.20006,-15.88504],[-48.19987,-15.8838],[-48.19912,-15.88299],[-48.19813,-15.88329],[-48.19781,-15.88235],[-48.19783,-15.88096],[-48.19697,-15.88019],[-48.19659,-15.87932],[-48.19631,-15.87834],[-48.19575,-15.87764],[-48.19529,-15.87668],[-48.19473,-15.87589],[-48.19448,-15.87487],[-48.1937,-15.8744],[-48.1934,-15.87346],[-48.1925,-15.87302],[-48.19168,-15.87261],[-48.19241,-15.87213],[-48.19171,-15.87132],[-48.1904,-15.87111],[-48.18931,-15.87085],[-48.18887,-15.86992],[-48.18819,-15.86921],[-48.18714,-15.86849],[-48.1864,-15.86785],[-48.18554,-15.86747],[-48.18502,-15.86668],[-48.18463,-15.8657],[-48.18392,-15.86509],[-48.18366,-15.86397],[-48.18322,-15.86315],[-48.18302,-15.86172],[-48.18243,-15.86106],[-48.18106,-15.86089],[-48.17969,-15.86153],[-48.17842,-15.86187],[-48.17766,-15.8614],[-48.17806,-15.86035],[-48.17762,-15.85942],[-48.17725,-15.85842],[-48.17695,-15.85743],[-48.17578,-15.85751],[-48.17521,-15.85683],[-48.1747,-15.85602],[-48.17376,-15.85545],[-48.17251,-15.85559],[-48.17162,-15.85497],[-48.17073,-15.85438],[-48.1698,-15.85409],[-48.16885,-15.85379],[-48.16841,-15.8529],[-48.16712,-15.853],[-48.1659,-15.85303],[-48.16459,-15.85296],[-48.16425,-15.852],[-48.16306,-15.8522],[-48.1624,-15.85274],[-48.16138,-15.85251],[-48.1607,-15.85344],[-48.15977,-15.85374],[-48.15918,-15.85438],[-48.15836,-15.85489],[-48.15708,-15.85479],[-48.15602,-15.85463],[-48.15465,-15.85477],[-48.15371,-15.8551],[-48.15304,-15.85435],[-48.15196,-15.85422],[-48.15083,-15.85429],[-48.15004,-15.8548],[-48.1498,-15.85587],[-48.1486,-15.85585],[-48.1478,-15.85638],[-48.14723,-15.85709],[-48.14617,-15.85692],[-48.14566,-15.85774],[-48.14524,-15.85862],[-48.14407,-15.85871],[-48.14346,-15.85946],[-48.14297,-15.8602],[-48.14238,-15.861],[-48.14135,-15.86128],[-48.14041,-15.86171],[-48.13959,-15.86217],[-48.1387,-15.86251],[-48.13758,-15.86291],[-48.13711,-15.86364],[-48.13601,-15.8638],[-48.1353,-15.86434],[-48.13417,-15.86414],[-48.13311,-15.86347],[-48.13212,-15.8632],[-48.13161,-15.86408],[-48.13081,-15.86449],[-48.12957,-15.86464],[-48.12872,-15.86499],[-48.12792,-15.86551],[-48.12674,-15.86576],[-48.12606,-15.86633],[-48.1252,-15.86679],[-48.12464,-15.86748],[-48.12386,-15.86699],[-48.12312,-15.86634],[-48.12171,-15.86574],[-48.12075,-15.86621],[-48.12005,-15.86696],[-48.11892,-15.86715],[-48.1178,-15.86697],[-48.11705,-15.8675],[-48.11585,-15.86743],[-48.11472,-15.86752],[-48.11363,-15.86774],[-48.1126,-15.86751],[-48.11183,-15.86705],[-48.11085,-15.86671],[-48.11032,-15.86587],[-48.11,-15.8646],[-48.1095,-15.86367],[-48.10985,-15.86282],[-48.10938,-15.86165],[-48.10869,-15.86092],[-48.10808,-15.8601],[-48.10741,-15.85955],[-48.107,-15.85876],[-48.10599,-15.85821],[-48.1056,-15.85737],[-48.10445,-15.85728],[-48.10343,-15.85703],[-48.10219,-15.8567],[-48.10123,-15.85645],[-48.10023,-15.85612],[-48.09954,-15.85557],[-48.0985,-15.85534],[-48.09752,-15.85497],[-48.09657,-15.85468],[-48.09598,-15.85407],[-48.09473,-15.85373],[-48.09349,-15.85338],[-48.09216,-15.85339],[-48.09131,-15.85286],[-48.09025,-15.8527],[-48.08914,-15.8524],[-48.08841,-15.85191],[-48.08766,-15.85124],[-48.0868,-15.85072],[-48.08598,-15.85026],[-48.08511,-15.84967],[-48.08429,-15.84908],[-48.08354,-15.84851],[-48.08318,-15.84721],[-48.08212,-15.84682],[-48.08122,-15.84635],[-48.08027,-15.84599],[-48.07936,-15.84566],[-48.07844,-15.84536],[-48.07761,-15.84495],[-48.07705,-15.84422],[-48.07625,-15.84371],[-48.07532,-15.8443],[-48.07511,-15.84615],[-48.07483,-15.84712],[-48.07389,-15.84762],[-48.07175,-15.84858],[-48.07132,-15.84939],[-48.07079,-15.85014],[-48.07014,-15.85106],[-48.06949,-15.85213],[-48.06865,-15.85175],[-48.06765,-15.85198],[-48.06705,-15.85333],[-48.06616,-15.85449],[-48.06569,-15.85562],[-48.06495,-15.85654],[-48.06438,-15.8572],[-48.06309,-15.85789],[-48.06177,-15.85858],[-48.06007,-15.85845],[-48.05907,-15.85823],[-48.05801,-15.85779],[-48.05713,-15.85743],[-48.05544,-15.85696],[-48.0544,-15.85651],[-48.05236,-15.85636],[-48.05026,-15.85548],[-48.04982,-15.8564],[-48.04952,-15.85749],[-48.04889,-15.85813],[-48.04818,-15.85921],[-48.04743,-15.85948]]]]}},{"type":"Feature","id":13,"properties":{"id":13,"nome":"Santa Maria","roman":"XIII"},"geometry":{"type":"MultiPolygon","coordinates":[[[[-47.89151,-15.97127],[-47.89034,-15.97107],[-47.88934,-15.97208],[-47.88925,-15.97319],[-47.8888,-15.97452],[-47.88813,-15.97527],[-47.88755,-15.97665],[-47.88593,-15.97698],[-47.88506,-15.9774],[-47.88459,-15.97844],[-47.88428,-15.97954],[-47.88405,-15.98053],[-47.88357,-15.98154],[-47.88301,-15.98268],[-47.88244,-15.98333],[-47.88209,-15.98426],[-47.8815,-15.98506],[-47.88119,-15.98599],[-47.88089,-15.98708],[-47.88044,-15.98814],[-47.88047,-15.98957],[-47.88029,-15.99062],[-47.87971,-15.9914],[-47.87921,-15.99215],[-47.87875,-15.99313],[-47.87827,-15.99412],[-47.87801,-15.99515],[-47.87793,-15.99646],[-47.87811,-15.99761],[-47.8784,-15.99866],[-47.87847,-15.99982],[-47.87818,-16.00089],[-47.87787,-16.00184],[-47.87747,-16.00267],[-47.877,-16.0037],[-47.87659,-16.00449],[-47.87609,-16.00541],[-47.87586,-16.00639],[-47.8756,-16.00743],[-47.87519,-16.00836],[-47.87468,-16.00914],[-47.87421,-16.01012],[-47.87371,-16.01084],[-47.87244,-16.01089],[-47.87191,-16.01175],[-47.87137,-16.01249],[-47.87119,-16.01353],[-47.87208,-16.01392],[-47.87301,-16.01451],[-47.87381,-16.01493],[-47.87491,-16.0153],[-47.87545,-16.016],[-47.87602,-16.01693],[-47.87666,-16.01766],[-47.87699,-16.01867],[-47.87712,-16.01981],[-47.87689,-16.0214],[-47.87623,-16.02216],[-47.87574,-16.0231],[-47.87524,-16.02424],[-47.87486,-16.02519],[-47.87484,-16.0265],[-47.87466,-16.02753],[-47.87391,-16.02815],[-47.87341,-16.02894],[-47.87308,-16.02996],[-47.87261,-16.03071],[-47.87227,-16.03174],[-47.87161,-16.03259],[-47.87094,-16.0332],[-47.8707,-16.0344],[-47.86988,-16.03479],[-47.86928,-16.03564],[-47.869,-16.03658],[-47.8685,-16.03742],[-47.8693,-16.03797],[-47.87053,-16.03792],[-47.87152,-16.03814],[-47.87242,-16.0385],[-47.87286,-16.03927],[-47.87371,-16.0389],[-47.87474,-16.03908],[-47.87574,-16.0393],[-47.8763,-16.04021],[-47.87723,-16.04065],[-47.878,-16.04116],[-47.8789,-16.04163],[-47.87911,-16.04266],[-47.87972,-16.04341],[-47.88049,-16.044],[-47.88095,-16.04491],[-47.88146,-16.04593],[-47.88227,-16.04648],[-47.88327,-16.04668],[-47.88455,-16.04683],[-47.88545,-16.04732],[-47.88625,-16.04804],[-47.88692,-16.04866],[-47.88773,-16.04923],[-47.88842,-16.05011],[-48.0486,-16.05009],[-48.04782,-16.04906],[-48.04689,-16.0479],[-48.04428,-16.04463],[-48.0434,-16.04353],[-48.04366,-16.04205],[-48.04442,-16.04101],[-48.04557,-16.03948],[-48.04647,-16.03826],[-48.04712,-16.0374],[-48.04785,-16.03667],[-48.04875,-16.03617],[-48.04973,-16.03594],[-48.05097,-16.03595],[-48.05201,-16.0363],[-48.05304,-16.03683],[-48.05405,-16.03747],[-48.05385,-16.03646],[-48.05341,-16.03566],[-48.05282,-16.03498],[-48.05238,-16.0342],[-48.05183,-16.03347],[-48.05145,-16.0326],[-48.05109,-16.03171],[-48.05073,-16.03079],[-48.04996,-16.03035],[-48.04951,-16.02958],[-48.04944,-16.02845],[-48.04916,-16.02752],[-48.04826,-16.02722],[-48.04801,-16.02618],[-48.04763,-16.02533],[-48.04703,-16.02466],[-48.0465,-16.02398],[-48.04615,-16.02312],[-48.0458,-16.02218],[-48.04568,-16.02105],[-48.04517,-16.02033],[-48.04441,-16.01989],[-48.04347,-16.01962],[-48.04223,-16.01965],[-48.04114,-16.02004],[-48.03986,-16.01999],[-48.03903,-16.01937],[-48.03825,-16.01892],[-48.03769,-16.01824],[-48.03699,-16.01773],[-48.03625,-16.01721],[-48.0356,-16.01665],[-48.03496,-16.01597],[-48.03404,-16.01544],[-48.03334,-16.01467],[-48.03245,-16.01433],[-48.03197,-16.01355],[-48.03142,-16.01277],[-48.0305,-16.01211],[-48.0298,-16.01146],[-48.02925,-16.01067],[-48.02838,-16.01033],[-48.02787,-16.00963],[-48.02729,-16.0089],[-48.02648,-16.00848],[-48.02534,-16.00796],[-48.02412,-16.0072],[-48.02349,-16.00658],[-48.02248,-16.00588],[-48.02166,-16.00524],[-48.02099,-16.0046],[-48.02039,-16.00399],[-48.01966,-16.00346],[-48.01902,-16.00289],[-48.01799,-16.00266],[-48.01754,-16.00155],[-48.01688,-16.001],[-48.01626,-16.00035],[-48.01542,-15.99982],[-48.01428,-15.9994],[-48.01363,-15.99884],[-48.01327,-15.99796],[-48.01236,-15.99749],[-48.01153,-15.99705],[-48.01114,-15.99529],[-48.01091,-15.9941],[-48.01062,-15.99289],[-48.01019,-15.99187],[-48.00961,-15.99061],[-48.00917,-15.98984],[-48.00845,-15.9887],[-48.00797,-15.98794],[-48.00755,-15.98715],[-48.00711,-15.98624],[-48.00656,-15.98449],[-48.006,-15.98266],[-48.00546,-15.98088],[-48.00481,-15.97876],[-48.00453,-15.97783],[-48.00297,-15.97809],[-48.00081,-15.97825],[-47.99868,-15.9782],[-47.99662,-15.97796],[-47.99083,-15.97683],[-47.98957,-15.97677],[-47.98491,-15.97586],[-47.98103,-15.97512],[-47.97926,-15.97478],[-47.97802,-15.9746],[-47.97644,-15.97447],[-47.97498,-15.97442],[-47.97375,-15.97444],[-47.97246,-15.97452],[-47.97119,-15.97464],[-47.96945,-15.97489],[-47.96774,-15.97526],[-47.96658,-15.97557],[-47.96518,-15.97602],[-47.96238,-15.977],[-47.95839,-15.97841],[-47.95689,-15.97894],[-47.95599,-15.97928],[-47.95468,-15.97972],[-47.9485,-15.9819],[-47.94644,-15.98261],[-47.94548,-15.9829],[-47.94394,-15.98329],[-47.9429,-15.9835],[-47.94122,-15.98376],[-47.93971,-15.98391],[-47.93811,-15.98398],[-47.93656,-15.98395],[-47.93446,-15.9838],[-47.93306,-15.98361],[-47.93134,-15.98328],[-47.92994,-15.98293],[-47.92796,-15.98231],[-47.92484,-15.98117],[-47.92292,-15.98046],[-47.92152,-15.97996],[-47.92005,-15.97944],[-47.91823,-15.97877],[-47.91123,-15.9762],[-47.90897,-15.9754],[-47.90519,-15.97401],[-47.90077,-15.9724],[-47.89814,-15.97144],[-47.89592,-15.97062],[-47.89247,-15.96937],[-47.89151,-15.97127]]]]}},{"type":"Feature","id":14,"properties":{"id":14,"nome":"São Sebastião","roman":"XIV"},"geometry":{"type":"MultiPolygon","coordinates":[[[[-47.7909,-15.87513],[-47.78979,-15.87535],[-47.78857,-15.876],[-47.78737,-15.87661],[-47.78637,-15.87753],[-47.78571,-15.87848],[-47.785,-15.87907],[-47.78425,-15.87961],[-47.78339,-15.88005],[-47.7825,-15.88043],[-47.78134,-15.8809],[-47.78031,-15.88163],[-47.77931,-15.88191],[-47.77833,-15.88214],[-47.77814,-15.88324],[-47.77775,-15.88416],[-47.77692,-15.88482],[-47.77578,-15.88507],[-47.7746,-15.88543],[-47.7737,-15.88601],[-47.77321,-15.88703],[-47.7729,-15.88807],[-47.77219,-15.88891],[-47.77138,-15.88965],[-47.77092,-15.89052],[-47.77061,-15.89148],[-47.76993,-15.89208],[-47.76912,-15.89254],[-47.76833,-15.89321],[-47.76805,-15.89437],[-47.76774,-15.89559],[-47.76705,-15.89615],[-47.76651,-15.89705],[-47.76583,-15.89762],[-47.76497,-15.89802],[-47.76463,-15.89896],[-47.76409,-15.89977],[-47.76346,-15.90036],[-47.76281,-15.90104],[-47.76246,-15.90189],[-47.76176,-15.90251],[-47.7607,-15.90236],[-47.75999,-15.90178],[-47.75928,-15.90114],[-47.75834,-15.90165],[-47.75775,-15.90228],[-47.75682,-15.90259],[-47.75574,-15.90243],[-47.75466,-15.90262],[-47.75345,-15.90262],[-47.75225,-15.90231],[-47.75153,-15.90167],[-47.75047,-15.90151],[-47.7494,-15.90131],[-47.74824,-15.90147],[-47.74714,-15.90135],[-47.74639,-15.90081],[-47.74551,-15.90046],[-47.74438,-15.90026],[-47.74348,-15.89993],[-47.74262,-15.89958],[-47.74211,-15.90027],[-47.74184,-15.89924],[-47.74107,-15.89869],[-47.73999,-15.89855],[-47.73878,-15.89854],[-47.73789,-15.89893],[-47.73683,-15.89907],[-47.73594,-15.89868],[-47.73494,-15.89836],[-47.73392,-15.89857],[-47.73308,-15.89818],[-47.73234,-15.89762],[-47.73154,-15.89702],[-47.73098,-15.89632],[-47.73013,-15.8959],[-47.72955,-15.89523],[-47.72886,-15.89463],[-47.72829,-15.89384],[-47.72777,-15.89315],[-47.72686,-15.89284],[-47.7262,-15.89219],[-47.7251,-15.89196],[-47.72435,-15.89149],[-47.72354,-15.89106],[-47.72262,-15.89148],[-47.7213,-15.89145],[-47.72028,-15.89113],[-47.71938,-15.89167],[-47.71835,-15.89187],[-47.71743,-15.89224],[-47.71626,-15.89208],[-47.71512,-15.89223],[-47.7142,-15.89263],[-47.71428,-15.89387],[-47.71362,-15.89325],[-47.7127,-15.89259],[-47.7118,-15.89295],[-47.71113,-15.89355],[-47.71033,-15.89399],[-47.70925,-15.89384],[-47.70868,-15.8931],[-47.70789,-15.89358],[-47.70716,-15.89416],[-47.70624,-15.89359],[-47.70548,-15.89293],[-47.70447,-15.89242],[-47.70379,-15.89299],[-47.70354,-15.89394],[-47.70311,-15.89529],[-47.70205,-15.89481],[-47.70144,-15.89422],[-47.70056,-15.89476],[-47.70087,-15.89597],[-47.70174,-15.89681],[-47.70253,-15.89729],[-47.70129,-15.89742],[-47.69984,-15.89729],[-47.69896,-15.89766],[-47.69924,-15.89874],[-47.69989,-15.89973],[-47.69867,-15.89962],[-47.69764,-15.89936],[-47.69741,-15.90046],[-47.69754,-15.90164],[-47.69827,-15.90237],[-47.6988,-15.90305],[-47.69814,-15.90368],[-47.69704,-15.90347],[-47.69681,-15.90454],[-47.69641,-15.90543],[-47.69545,-15.90512],[-47.69449,-15.90473],[-47.69321,-15.90479],[-47.69362,-15.90558],[-47.69415,-15.90651],[-47.69352,-15.90726],[-47.69253,-15.90693],[-47.69169,-15.906],[-47.69222,-15.90487],[-47.69181,-15.904],[-47.69139,-15.90494],[-47.69104,-15.90589],[-47.69017,-15.90633],[-47.6897,-15.90714],[-47.6895,-15.90838],[-47.68842,-15.90816],[-47.68877,-15.90711],[-47.68856,-15.90609],[-47.68769,-15.90644],[-47.68729,-15.90741],[-47.68702,-15.90843],[-47.68707,-15.90967],[-47.68756,-15.91039],[-47.68821,-15.9111],[-47.68763,-15.91176],[-47.68606,-15.91155],[-47.6852,-15.91102],[-47.68504,-15.90976],[-47.68382,-15.91],[-47.68267,-15.90988],[-47.68183,-15.91024],[-47.68158,-15.91132],[-47.68039,-15.91137],[-47.68062,-15.91253],[-47.68128,-15.91318],[-47.68194,-15.91393],[-47.68263,-15.91456],[-47.68389,-15.91449],[-47.68469,-15.91493],[-47.68362,-15.91517],[-47.68279,-15.91588],[-47.68226,-15.91678],[-47.68242,-15.91803],[-47.68261,-15.9192],[-47.68245,-15.92037],[-47.68217,-15.92138],[-47.68117,-15.92076],[-47.68135,-15.91933],[-47.68061,-15.91886],[-47.68005,-15.91971],[-47.67969,-15.92061],[-47.67923,-15.92143],[-47.67835,-15.92186],[-47.67767,-15.92253],[-47.67732,-15.92355],[-47.67613,-15.92356],[-47.67533,-15.92413],[-47.67594,-15.92525],[-47.6768,-15.92598],[-47.67718,-15.92715],[-47.6773,-15.92835],[-47.67683,-15.9296],[-47.67619,-15.93022],[-47.67566,-15.92948],[-47.67501,-15.92868],[-47.67422,-15.92798],[-47.67312,-15.92776],[-47.67199,-15.92746],[-47.67177,-15.92856],[-47.67108,-15.92911],[-47.67006,-15.92885],[-47.6703,-15.92983],[-47.67103,-15.93041],[-47.67053,-15.93135],[-47.67001,-15.93214],[-47.66938,-15.93278],[-47.66868,-15.93354],[-47.6683,-15.93453],[-47.66885,-15.93552],[-47.66939,-15.93645],[-47.66912,-15.93754],[-47.66833,-15.93803],[-47.66857,-15.93923],[-47.66837,-15.94053],[-47.66851,-15.94174],[-47.66917,-15.94273],[-47.66852,-15.94328],[-47.66747,-15.94306],[-47.66658,-15.94266],[-47.66666,-15.94389],[-47.66738,-15.94462],[-47.66852,-15.94497],[-47.66872,-15.946],[-47.6683,-15.94696],[-47.66786,-15.94786],[-47.66742,-15.94866],[-47.66697,-15.94978],[-47.66678,-15.95086],[-47.66659,-15.95195],[-47.66588,-15.95264],[-47.66504,-15.953],[-47.66432,-15.95249],[-47.66324,-15.95278],[-47.66274,-15.95358],[-47.66181,-15.95391],[-47.66059,-15.95388],[-47.65986,-15.95438],[-47.65969,-15.95552],[-47.66038,-15.95613],[-47.66135,-15.95655],[-47.66181,-15.9573],[-47.66209,-15.95878],[-47.66326,-15.95885],[-47.6635,-15.96003],[-47.66315,-15.96091],[-47.66254,-15.96154],[-47.66193,-15.96216],[-47.66113,-15.96273],[-47.66005,-15.9632],[-47.65929,-15.96367],[-47.65863,-15.96423],[-47.65715,-15.96569],[-47.6565,-15.96631],[-47.65547,-15.9673],[-47.65454,-15.96812],[-47.65372,-15.96861],[-47.65256,-15.96904],[-47.6514,-15.96923],[-47.65013,-15.96917],[-47.64905,-15.96892],[-47.64808,-15.96847],[-47.64733,-15.96797],[-47.64643,-15.96711],[-47.64576,-15.96642],[-47.6451,-15.96575],[-47.64346,-15.96408],[-47.64276,-15.9634],[-47.64188,-15.9628],[-47.64061,-15.96214],[-47.63916,-15.96141],[-47.63817,-15.9609],[-47.63732,-15.96039],[-47.63643,-15.95956],[-47.63544,-15.95837],[-47.63476,-15.95754],[-47.63402,-15.95684],[-47.63292,-15.95596],[-47.63205,-15.95507],[-47.63149,-15.95424],[-47.63109,-15.95332],[-47.63086,-15.95223],[-47.63076,-15.95059],[-47.63049,-15.94942],[-47.63003,-15.94838],[-47.62946,-15.94759],[-47.62867,-15.94683],[-47.62611,-15.9449],[-47.62137,-15.94137],[-47.62005,-15.94039],[-47.61897,-15.93958],[-47.61797,-15.93894],[-47.61702,-15.93854],[-47.61403,-15.93769],[-47.61212,-15.93716],[-47.61108,-15.93692],[-47.60981,-15.93689],[-47.60863,-15.93719],[-47.60779,-15.93762],[-47.60706,-15.93822],[-47.60643,-15.93901],[-47.60576,-15.94008],[-47.60525,-15.94091],[-47.60477,-15.94167],[-47.60428,-15.94245],[-47.60291,-15.94465],[-47.60194,-15.94621],[-47.60059,-15.94837],[-47.59904,-15.95087],[-47.5983,-15.95207],[-47.59731,-15.95365],[-47.59532,-15.95685],[-47.59476,-15.95774],[-47.59338,-15.95996],[-47.59264,-15.96115],[-47.59164,-15.96276],[-47.59048,-15.96462],[-47.58956,-15.9661],[-47.58842,-15.96791],[-47.58794,-15.96867],[-47.58729,-15.96974],[-47.5878,-15.97084],[-47.58808,-15.97199],[-47.58848,-15.97317],[-47.58944,-15.97484],[-47.59045,-15.97647],[-47.59142,-15.97804],[-47.59438,-15.98285],[-47.59509,-15.98397],[-47.59561,-15.98473],[-47.59674,-15.9862],[-47.59771,-15.98734],[-47.59831,-15.98819],[-47.599,-15.98931],[-47.60019,-15.99123],[-47.60141,-15.99318],[-47.60218,-15.99445],[-47.60329,-15.99625],[-47.60506,-15.99911],[-47.60968,-16.00658],[-47.6113,-16.00919],[-47.61277,-16.01157],[-47.61385,-16.01332],[-47.61424,-16.01422],[-47.61452,-16.0157],[-47.61466,-16.01739],[-47.61478,-16.01896],[-47.61488,-16.02029],[-47.61508,-16.02276],[-47.61553,-16.02821],[-47.61563,-16.02948],[-47.61586,-16.03233],[-47.61614,-16.03575],[-47.61626,-16.03722],[-47.61648,-16.03992],[-47.61677,-16.04351],[-47.61692,-16.0454],[-47.61714,-16.04811],[-47.61733,-16.05034],[-47.72117,-16.05036],[-47.72155,-16.04833],[-47.72179,-16.04707],[-47.72203,-16.0459],[-47.72234,-16.04484],[-47.72266,-16.04389],[-47.72348,-16.04316],[-47.72424,-16.04261],[-47.72488,-16.04197],[-47.72607,-16.0412],[-47.72679,-16.04072],[-47.72763,-16.04032],[-47.72744,-16.03564],[-47.72861,-16.03382],[-47.73043,-16.03101],[-47.73143,-16.03059],[-47.73274,-16.03073],[-47.73347,-16.03162],[-47.76068,-16.03056],[-47.76005,-16.02976],[-47.7597,-16.02888],[-47.75972,-16.02749],[-47.76019,-16.02616],[-47.76059,-16.02512],[-47.76116,-16.02418],[-47.76175,-16.02323],[-47.76263,-16.02232],[-47.76343,-16.02177],[-47.76409,-16.02083],[-47.7645,-16.01988],[-47.76451,-16.0185],[-47.76402,-16.01717],[-47.76344,-16.01619],[-47.76297,-16.01539],[-47.76258,-16.01453],[-47.76243,-16.01338],[-47.76274,-16.01144],[-47.76259,-16.01029],[-47.76276,-16.00916],[-47.76363,-16.00839],[-47.76486,-16.00746],[-47.76588,-16.00679],[-47.76637,-16.00588],[-47.76751,-16.00464],[-47.76815,-16.00342],[-47.76851,-16.00257],[-47.76916,-16.00114],[-47.77016,-15.99981],[-47.77109,-15.99876],[-47.7718,-15.99798],[-47.77429,-15.99527],[-47.77491,-15.99459],[-47.77832,-15.99088],[-47.7795,-15.98962],[-47.77943,-15.98811],[-47.77888,-15.98716],[-47.77838,-15.98642],[-47.7784,-15.98519],[-47.7777,-15.98455],[-47.77677,-15.9842],[-47.77589,-15.98373],[-47.77527,-15.98314],[-47.77383,-15.9833],[-47.77247,-15.98311],[-47.77159,-15.98277],[-47.77084,-15.98212],[-47.76991,-15.98148],[-47.76883,-15.98121],[-47.76822,-15.98045],[-47.76768,-15.97964],[-47.76621,-15.97943],[-47.76516,-15.97917],[-47.76468,-15.97844],[-47.76437,-15.9775],[-47.76387,-15.97679],[-47.76334,-15.97607],[-47.76272,-15.97526],[-47.76191,-15.97485],[-47.76139,-15.97402],[-47.76063,-15.97343],[-47.75968,-15.97312],[-47.76044,-15.97244],[-47.76165,-15.97236],[-47.76253,-15.97113],[-47.76356,-15.97036],[-47.76404,-15.96954],[-47.76498,-15.96917],[-47.76615,-15.96934],[-47.76695,-15.96884],[-47.76815,-15.96861],[-47.76893,-15.96808],[-47.76955,-15.96745],[-47.77053,-15.96713],[-47.77123,-15.96663],[-47.77193,-15.96602],[-47.77293,-15.96557],[-47.77411,-15.9655],[-47.77532,-15.9654],[-47.77617,-15.96502],[-47.7771,-15.96455],[-47.77823,-15.96444],[-47.77916,-15.96405],[-47.78032,-15.96409],[-47.78125,-15.96375],[-47.78207,-15.96315],[-47.78323,-15.96309],[-47.78405,-15.96267],[-47.78536,-15.96236],[-47.7869,-15.96209],[-47.78787,-15.96178],[-47.78881,-15.96126],[-47.78962,-15.96077],[-47.79028,-15.95985],[-47.79151,-15.95972],[-47.7921,-15.95908],[-47.79261,-15.95837],[-47.79325,-15.95755],[-47.79397,-15.95707],[-47.79354,-15.95629],[-47.79337,-15.95516],[-47.79375,-15.95429],[-47.79394,-15.95309],[-47.79449,-15.95235],[-47.79527,-15.95179],[-47.79568,-15.95095],[-47.79659,-15.95023],[-47.79711,-15.94945],[-47.79755,-15.94854],[-47.79857,-15.94807],[-47.79921,-15.94736],[-47.79982,-15.94671],[-47.80062,-15.94615],[-47.80118,-15.94544],[-47.80166,-15.9446],[-47.80214,-15.94387],[-47.80271,-15.9431],[-47.80332,-15.94236],[-47.80397,-15.94173],[-47.80477,-15.94131],[-47.80545,-15.94079],[-47.80572,-15.93969],[-47.80678,-15.9393],[-47.80746,-15.93877],[-47.80634,-15.93587],[-47.80521,-15.93366],[-47.80478,-15.9326],[-47.80463,-15.93153],[-47.80364,-15.9312],[-47.80284,-15.93077],[-47.80219,-15.93019],[-47.80159,-15.92956],[-47.80071,-15.92901],[-47.79999,-15.92835],[-47.7989,-15.92804],[-47.79804,-15.9277],[-47.79681,-15.92744],[-47.79569,-15.92678],[-47.79455,-15.92659],[-47.79319,-15.92654],[-47.79217,-15.92636],[-47.79072,-15.92594],[-47.78959,-15.92586],[-47.78878,-15.92539],[-47.7878,-15.92509],[-47.78653,-15.92503],[-47.78539,-15.92468],[-47.78425,-15.92446],[-47.78304,-15.92422],[-47.78188,-15.92402],[-47.78081,-15.92376],[-47.77987,-15.92334],[-47.77884,-15.92312],[-47.77813,-15.92235],[-47.7778,-15.92136],[-47.77738,-15.92037],[-47.7772,-15.91918],[-47.77673,-15.91824],[-47.77668,-15.91703],[-47.77614,-15.91631],[-47.7754,-15.91572],[-47.77508,-15.91475],[-47.77448,-15.91407],[-47.77348,-15.9138],[-47.77289,-15.91312],[-47.77369,-15.91271],[-47.7745,-15.91316],[-47.77567,-15.91324],[-47.77689,-15.91311],[-47.77803,-15.91288],[-47.77892,-15.91322],[-47.78014,-15.91327],[-47.7813,-15.91317],[-47.78225,-15.91277],[-47.78261,-15.91193],[-47.78297,-15.91093],[-47.78338,-15.91006],[-47.78411,-15.90955],[-47.78448,-15.90858],[-47.78518,-15.90803],[-47.7861,-15.9075],[-47.78705,-15.90714],[-47.78818,-15.90669],[-47.78925,-15.9064],[-47.79013,-15.90602],[-47.7902,-15.90488],[-47.79047,-15.90385],[-47.79131,-15.90349],[-47.79217,-15.90311],[-47.7929,-15.90259],[-47.79383,-15.90224],[-47.79426,-15.90112],[-47.79296,-15.89768],[-47.79443,-15.89707],[-47.79419,-15.89548],[-47.7929,-15.89365],[-47.79369,-15.89267],[-47.79454,-15.89216],[-47.79536,-15.89169],[-47.7946,-15.89125],[-47.79381,-15.89059],[-47.79442,-15.88993],[-47.79497,-15.88914],[-47.79535,-15.88795],[-47.79513,-15.88688],[-47.79599,-15.88641],[-47.79646,-15.88564],[-47.79634,-15.88455],[-47.79612,-15.88352],[-47.79575,-15.88264],[-47.79515,-15.88186],[-47.79557,-15.88102],[-47.79538,-15.87991],[-47.79712,-15.88045],[-47.79795,-15.881],[-47.79916,-15.88106],[-47.80036,-15.88105],[-47.80153,-15.88119],[-47.80197,-15.88037],[-47.80141,-15.87965],[-47.80054,-15.87925],[-47.79967,-15.87873],[-47.79916,-15.87786],[-47.79837,-15.87717],[-47.79768,-15.87659],[-47.79694,-15.87585],[-47.79585,-15.87561],[-47.7949,-15.87514],[-47.7937,-15.87506],[-47.79251,-15.87514],[-47.79138,-15.87507],[-47.7909,-15.87513]]]]}},{"type":"Feature","id":15,"properties":{"id":15,"nome":"Park Way","roman":"XXIV"},"geometry":{"type":"MultiPolygon","coordinates":[[[[-47.94559,-15.87434],[-47.94696,-15.875],[-47.94811,-15.87555],[-47.94898,-15.87601],[-47.94984,-15.8765],[-47.95609,-15.88006],[-47.95634,-15.8811],[-47.95187,-15.88452],[-47.95072,-15.88666],[-47.94898,-15.88986],[-47.94845,-15.8908],[-47.94722,-15.89307],[-47.94658,-15.89424],[-47.94607,-15.8951],[-47.94462,-15.89541],[-47.94357,-15.89563],[-47.94104,-15.89616],[-47.94024,-15.89573],[-47.93931,-15.89536],[-47.93858,-15.89485],[-47.93807,-15.89414],[-47.93719,-15.8938],[-47.93628,-15.8934],[-47.93538,-15.89308],[-47.93472,-15.89244],[-47.93385,-15.89208],[-47.93333,-15.89135],[-47.93254,-15.89091],[-47.93164,-15.89055],[-47.93094,-15.88987],[-47.93009,-15.88939],[-47.92931,-15.88881],[-47.92855,-15.88836],[-47.92793,-15.88772],[-47.92729,-15.88713],[-47.92643,-15.88675],[-47.92546,-15.88641],[-47.92475,-15.88588],[-47.92412,-15.8853],[-47.92326,-15.88494],[-47.92235,-15.8845],[-47.92147,-15.88418],[-47.92045,-15.88397],[-47.91967,-15.88349],[-47.91812,-15.88351],[-47.91693,-15.88339],[-47.91582,-15.88322],[-47.91367,-15.88289],[-47.91186,-15.88241],[-47.91072,-15.88229],[-47.90972,-15.88194],[-47.90864,-15.88141],[-47.90753,-15.88127],[-47.90609,-15.88134],[-47.90604,-15.88266],[-47.90563,-15.88348],[-47.90577,-15.88455],[-47.90645,-15.88514],[-47.90627,-15.8862],[-47.90608,-15.88735],[-47.90613,-15.88865],[-47.90596,-15.88985],[-47.90542,-15.89065],[-47.90588,-15.89145],[-47.90653,-15.89202],[-47.90663,-15.89312],[-47.90726,-15.89375],[-47.90748,-15.89481],[-47.90846,-15.89579],[-47.90836,-15.89691],[-47.90885,-15.89764],[-47.9095,-15.89824],[-47.91005,-15.8989],[-47.91048,-15.89986],[-47.91084,-15.901],[-47.91083,-15.90232],[-47.91097,-15.90354],[-47.91123,-15.90464],[-47.91146,-15.90564],[-47.91197,-15.90637],[-47.91228,-15.90739],[-47.91333,-15.90837],[-47.91252,-15.90893],[-47.91189,-15.90965],[-47.91065,-15.90965],[-47.90971,-15.90995],[-47.90923,-15.91071],[-47.90861,-15.91131],[-47.90784,-15.91218],[-47.90772,-15.91326],[-47.90727,-15.91419],[-47.90692,-15.91516],[-47.90608,-15.91562],[-47.90587,-15.91663],[-47.90633,-15.91752],[-47.90669,-15.9184],[-47.90679,-15.91995],[-47.90679,-15.92125],[-47.90674,-15.92242],[-47.90628,-15.92333],[-47.90603,-15.92451],[-47.90562,-15.9254],[-47.90477,-15.92659],[-47.90421,-15.92764],[-47.90372,-15.92907],[-47.90317,-15.92986],[-47.90273,-15.93071],[-47.90211,-15.93162],[-47.90169,-15.93242],[-47.90101,-15.93296],[-47.90058,-15.93385],[-47.89967,-15.9342],[-47.89902,-15.93508],[-47.89853,-15.93594],[-47.89823,-15.93692],[-47.89818,-15.93823],[-47.8977,-15.93988],[-47.89734,-15.94078],[-47.89684,-15.94154],[-47.89638,-15.94231],[-47.89652,-15.94368],[-47.89654,-15.94509],[-47.89608,-15.94583],[-47.8955,-15.94656],[-47.89462,-15.94733],[-47.89376,-15.94796],[-47.89313,-15.94865],[-47.89215,-15.94889],[-47.89147,-15.94982],[-47.8909,-15.95061],[-47.89027,-15.95134],[-47.88932,-15.95217],[-47.88881,-15.95315],[-47.88861,-15.95424],[-47.88833,-15.95517],[-47.88741,-15.95705],[-47.88753,-15.9582],[-47.88763,-15.95958],[-47.88739,-15.96084],[-47.88735,-15.96203],[-47.88734,-15.96338],[-47.88747,-15.96754],[-47.8886,-15.96795],[-47.89239,-15.96934],[-47.89591,-15.97062],[-47.89798,-15.97138],[-47.90013,-15.97217],[-47.90519,-15.97401],[-47.90897,-15.9754],[-47.9109,-15.97608],[-47.91823,-15.97877],[-47.92005,-15.97944],[-47.92152,-15.97996],[-47.92292,-15.98046],[-47.92399,-15.98085],[-47.92796,-15.98231],[-47.92907,-15.98268],[-47.93134,-15.98328],[-47.93306,-15.98361],[-47.93446,-15.9838],[-47.93647,-15.98395],[-47.93811,-15.98398],[-47.93971,-15.98391],[-47.94114,-15.98377],[-47.9429,-15.9835],[-47.94394,-15.98329],[-47.94492,-15.98305],[-47.94644,-15.98261],[-47.9485,-15.9819],[-47.95468,-15.97972],[-47.95579,-15.97936],[-47.95689,-15.97894],[-47.95839,-15.97841],[-47.96238,-15.977],[-47.96451,-15.97625],[-47.96568,-15.97585],[-47.96686,-15.97549],[-47.96846,-15.97509],[-47.97025,-15.97477],[-47.97177,-15.97458],[-47.97334,-15.97446],[-47.97498,-15.97442],[-47.97633,-15.97446],[-47.97802,-15.9746],[-47.97926,-15.97478],[-47.98103,-15.97512],[-47.98491,-15.97586],[-47.98861,-15.97657],[-47.99083,-15.97683],[-47.99662,-15.97796],[-47.99868,-15.9782],[-48.00081,-15.97825],[-48.00288,-15.9781],[-48.00453,-15.97783],[-48.00674,-15.97729],[-48.00809,-15.97682],[-48.00907,-15.9764],[-48.01024,-15.97583],[-48.01146,-15.97517],[-48.01227,-15.97465],[-48.0131,-15.97407],[-48.01391,-15.97345],[-48.01487,-15.97262],[-48.01597,-15.97154],[-48.01796,-15.96926],[-48.01907,-15.96801],[-48.01998,-15.96699],[-48.02072,-15.96614],[-48.01966,-15.96529],[-48.01879,-15.96447],[-48.01805,-15.96372],[-48.01698,-15.96275],[-48.0163,-15.96215],[-48.01384,-15.95993],[-48.01204,-15.95832],[-48.01095,-15.95733],[-48.00945,-15.95599],[-48.00669,-15.95352],[-48.0055,-15.95246],[-48.00394,-15.95106],[-48.00215,-15.94945],[-48.00126,-15.94865],[-48.00056,-15.94801],[-48.00115,-15.94647],[-48.00183,-15.94577],[-48.00138,-15.94493],[-48.00096,-15.94393],[-48.00024,-15.94289],[-47.99924,-15.942],[-47.99841,-15.94126],[-47.99782,-15.94061],[-47.99726,-15.93986],[-47.99678,-15.93907],[-47.99661,-15.93804],[-47.9956,-15.93757],[-47.99485,-15.93697],[-47.99392,-15.9365],[-47.99338,-15.93566],[-47.99278,-15.93504],[-47.99129,-15.93376],[-47.99025,-15.93322],[-47.9894,-15.93276],[-47.98857,-15.9323],[-47.98761,-15.93152],[-47.98692,-15.9309],[-47.98591,-15.93033],[-47.9851,-15.92979],[-47.98455,-15.92914],[-47.98386,-15.92858],[-47.9834,-15.9275],[-47.9838,-15.92645],[-47.98359,-15.92513],[-47.98317,-15.92391],[-47.98243,-15.92327],[-47.98216,-15.92233],[-47.98169,-15.9215],[-47.98177,-15.92016],[-47.98184,-15.91902],[-47.98189,-15.9178],[-47.98218,-15.91674],[-47.98281,-15.91598],[-47.98323,-15.91507],[-47.98374,-15.91421],[-47.98392,-15.91317],[-47.98382,-15.91206],[-47.98409,-15.91106],[-47.98437,-15.91001],[-47.98485,-15.90921],[-47.98538,-15.90832],[-47.98584,-15.90745],[-47.98597,-15.90627],[-47.98572,-15.90508],[-47.98625,-15.90433],[-47.98687,-15.90375],[-47.98742,-15.90295],[-47.98778,-15.902],[-47.98759,-15.90094],[-47.98784,-15.89987],[-47.98718,-15.8993],[-47.98771,-15.8984],[-47.98819,-15.89724],[-47.98877,-15.89623],[-47.9889,-15.89506],[-47.98922,-15.89412],[-47.98883,-15.89322],[-47.98903,-15.89218],[-47.98858,-15.89137],[-47.98886,-15.89037],[-47.98884,-15.88917],[-47.9887,-15.88805],[-47.98889,-15.88699],[-47.98862,-15.88605],[-47.98834,-15.8851],[-47.9879,-15.88432],[-47.98715,-15.88387],[-47.98627,-15.88351],[-47.9855,-15.88306],[-47.98478,-15.88255],[-47.98409,-15.88199],[-47.98311,-15.88223],[-47.98222,-15.88191],[-47.98143,-15.88149],[-47.98082,-15.88089],[-47.97978,-15.88071],[-47.97847,-15.88148],[-47.97782,-15.88227],[-47.97711,-15.88284],[-47.97632,-15.88327],[-47.97525,-15.88356],[-47.97332,-15.88363],[-47.97172,-15.88363],[-47.96531,-15.88366],[-47.96379,-15.88367],[-47.96226,-15.88367],[-47.96102,-15.88375],[-47.96096,-15.88253],[-47.96232,-15.88245],[-47.96335,-15.88283],[-47.9645,-15.88295],[-47.96706,-15.88294],[-47.97076,-15.8829],[-47.97075,-15.88073],[-47.97079,-15.87938],[-47.96887,-15.87939],[-47.96865,-15.88062],[-47.96722,-15.88063],[-47.96548,-15.8806],[-47.96395,-15.88061],[-47.96393,-15.87927],[-47.96232,-15.87847],[-47.96214,-15.87741],[-47.96197,-15.87633],[-47.96001,-15.87663],[-47.95881,-15.87504],[-47.958,-15.87463],[-47.95683,-15.87447],[-47.95523,-15.87376],[-47.95251,-15.87221],[-47.95125,-15.87146],[-47.94916,-15.87011],[-47.94825,-15.86953],[-47.94617,-15.86821],[-47.94418,-15.86694],[-47.94097,-15.86487],[-47.93947,-15.8639],[-47.93608,-15.86172],[-47.93499,-15.86106],[-47.93534,-15.86229],[-47.93579,-15.86395],[-47.93616,-15.86531],[-47.93654,-15.86672],[-47.93662,-15.86804],[-47.93617,-15.86917],[-47.93655,-15.87],[-47.9375,-15.87048],[-47.94311,-15.87317],[-47.9441,-15.87364],[-47.94532,-15.87422],[-47.94559,-15.87434]]],[[[-48.00061,-15.81795],[-48.00015,-15.81877],[-48.00041,-15.81981],[-47.99987,-15.82048],[-47.99914,-15.82095],[-47.9987,-15.82174],[-47.99786,-15.82213],[-47.99712,-15.8226],[-47.99631,-15.82307],[-47.99588,-15.824],[-47.99626,-15.82489],[-47.99647,-15.82593],[-47.99604,-15.82684],[-47.99537,-15.82743],[-47.99532,-15.82859],[-47.99557,-15.82955],[-47.99518,-15.83037],[-47.99525,-15.8315],[-47.9947,-15.8322],[-47.99382,-15.83252],[-47.99332,-15.83323],[-47.99331,-15.83445],[-47.99314,-15.83548],[-47.99275,-15.83646],[-47.99207,-15.8371],[-47.99163,-15.83788],[-47.99178,-15.83894],[-47.99133,-15.83972],[-47.99074,-15.84035],[-47.99012,-15.84095],[-47.99006,-15.8421],[-47.98998,-15.84339],[-47.98963,-15.84424],[-47.99013,-15.84502],[-47.98963,-15.84575],[-47.9892,-15.84657],[-47.98845,-15.8471],[-47.98761,-15.84747],[-47.9864,-15.84755],[-47.98555,-15.84797],[-47.98522,-15.84886],[-47.98511,-15.84998],[-47.98445,-15.85055],[-47.98354,-15.85025],[-47.98255,-15.85001],[-47.98164,-15.85033],[-47.98136,-15.85128],[-47.98086,-15.85201],[-47.98018,-15.85255],[-47.97952,-15.85314],[-47.97933,-15.85417],[-47.97909,-15.85516],[-47.9785,-15.8558],[-47.97805,-15.85658],[-47.9778,-15.85761],[-47.97728,-15.85829],[-47.97636,-15.85858],[-47.97568,-15.85911],[-47.97485,-15.85873],[-47.9737,-15.85864],[-47.97292,-15.85911],[-47.9719,-15.85933],[-47.9715,-15.86014],[-47.97165,-15.8612],[-47.97046,-15.86118],[-47.96941,-15.86133],[-47.96824,-15.86125],[-47.96726,-15.86102],[-47.96637,-15.86134],[-47.96546,-15.86164],[-47.96483,-15.86226],[-47.96404,-15.8627],[-47.96335,-15.86322],[-47.96272,-15.86382],[-47.96152,-15.86376],[-47.96066,-15.86342],[-47.96129,-15.86437],[-47.96233,-15.86475],[-47.96347,-15.86533],[-47.96411,-15.86474],[-47.96479,-15.86533],[-47.96616,-15.8652],[-47.96771,-15.86502],[-47.96883,-15.8649],[-47.96931,-15.866],[-47.96946,-15.86721],[-47.97095,-15.86704],[-47.9726,-15.86685],[-47.97414,-15.86668],[-47.97521,-15.8664],[-47.97598,-15.86574],[-47.97675,-15.86501],[-47.97745,-15.86433],[-47.97749,-15.86555],[-47.97719,-15.8665],[-47.97704,-15.86767],[-47.97714,-15.86894],[-47.97747,-15.87005],[-47.97823,-15.87174],[-47.97873,-15.87286],[-47.98297,-15.87536],[-47.98392,-15.87568],[-47.98525,-15.8759],[-47.98667,-15.87602],[-47.98948,-15.87626],[-47.99109,-15.87641],[-47.99252,-15.87488],[-47.9928,-15.87391],[-47.99308,-15.87292],[-47.99336,-15.87191],[-47.99344,-15.87077],[-47.99387,-15.869],[-47.99219,-15.86856],[-47.99143,-15.86802],[-47.99193,-15.86628],[-47.99017,-15.86575],[-47.98834,-15.86526],[-47.98654,-15.86478],[-47.98803,-15.86306],[-47.98934,-15.86107],[-47.99029,-15.86014],[-47.99155,-15.85954],[-47.9922,-15.85891],[-47.99288,-15.85825],[-47.99352,-15.85762],[-47.99428,-15.85688],[-47.99558,-15.85629],[-47.99618,-15.8556],[-47.99679,-15.8544],[-47.99744,-15.85377],[-47.99804,-15.85306],[-47.99861,-15.8524],[-47.99997,-15.85107],[-48.00061,-15.85045],[-47.99964,-15.84946],[-47.99896,-15.84885],[-47.99924,-15.84782],[-47.99971,-15.84677],[-48.00103,-15.84695],[-48.00162,-15.84793],[-48.00245,-15.84856],[-48.00406,-15.84923],[-48.00499,-15.84963],[-48.00623,-15.85014],[-48.007,-15.84868],[-48.00739,-15.84782],[-48.00817,-15.84712],[-48.00889,-15.84552],[-48.00957,-15.84399],[-48.00998,-15.84308],[-48.01074,-15.84141],[-48.00955,-15.84056],[-48.00836,-15.84006],[-48.00699,-15.83948],[-48.00549,-15.83885],[-48.00458,-15.83847],[-48.00363,-15.83806],[-48.00416,-15.83686],[-48.00456,-15.83596],[-48.00529,-15.83431],[-48.00716,-15.83511],[-48.00816,-15.83468],[-48.00857,-15.83371],[-48.00932,-15.83203],[-48.00999,-15.83053],[-48.01051,-15.82936],[-48.0109,-15.82848],[-48.01129,-15.82757],[-48.0119,-15.82611],[-48.01244,-15.82488],[-48.01364,-15.82223],[-48.01273,-15.82181],[-48.01166,-15.82136],[-48.01072,-15.82208],[-48.00959,-15.82159],[-48.00852,-15.82113],[-48.00721,-15.82059],[-48.00594,-15.82006],[-48.0045,-15.81945],[-48.0034,-15.81846],[-48.00247,-15.81815],[-48.00153,-15.81783],[-48.00061,-15.81795]]]]}},{"type":"Feature","id":16,"properties":{"id":16,"nome":"Sobradinho II","roman":"XXVI"},"geometry":{"type":"MultiPolygon","coordinates":[[[[-47.96747,-15.53149],[-47.96691,-15.5324],[-47.96638,-15.53439],[-47.96612,-15.53533],[-47.9657,-15.5368],[-47.96525,-15.53757],[-47.96409,-15.53854],[-47.96316,-15.53931],[-47.96231,-15.5399],[-47.96025,-15.54097],[-47.95942,-15.54139],[-47.95844,-15.5421],[-47.95761,-15.54305],[-47.957,-15.54382],[-47.95609,-15.54496],[-47.95547,-15.54561],[-47.9546,-15.54649],[-47.95371,-15.54737],[-47.95309,-15.54797],[-47.95226,-15.54879],[-47.95152,-15.54955],[-47.95071,-15.55033],[-47.95045,-15.55136],[-47.95136,-15.55242],[-47.95195,-15.55309],[-47.95201,-15.55423],[-47.95168,-15.55516],[-47.95127,-15.55633],[-47.95093,-15.55735],[-47.95081,-15.55855],[-47.95127,-15.55944],[-47.95264,-15.56106],[-47.95321,-15.56171],[-47.95402,-15.56266],[-47.95456,-15.56332],[-47.95518,-15.56408],[-47.95566,-15.56483],[-47.9556,-15.56639],[-47.95499,-15.5684],[-47.95465,-15.56954],[-47.95419,-15.57072],[-47.95342,-15.57199],[-47.95233,-15.57367],[-47.95168,-15.57469],[-47.95104,-15.57548],[-47.94973,-15.57546],[-47.94881,-15.57512],[-47.94803,-15.57462],[-47.94748,-15.57367],[-47.94651,-15.5734],[-47.94534,-15.57404],[-47.94441,-15.57456],[-47.94317,-15.57465],[-47.9416,-15.57412],[-47.94039,-15.57369],[-47.93937,-15.57334],[-47.93809,-15.57344],[-47.93764,-15.57453],[-47.93734,-15.57559],[-47.93691,-15.57693],[-47.93641,-15.5779],[-47.93587,-15.57859],[-47.93521,-15.57921],[-47.93426,-15.57987],[-47.93344,-15.58037],[-47.93233,-15.58109],[-47.93155,-15.58159],[-47.93092,-15.58218],[-47.93027,-15.58284],[-47.92875,-15.5844],[-47.92789,-15.58531],[-47.9269,-15.58626],[-47.92609,-15.58683],[-47.92478,-15.58743],[-47.92316,-15.58795],[-47.92164,-15.58847],[-47.92066,-15.58879],[-47.9182,-15.58962],[-47.91456,-15.59084],[-47.91347,-15.59119],[-47.90987,-15.59208],[-47.90772,-15.59261],[-47.90398,-15.59354],[-47.90294,-15.59378],[-47.90169,-15.5938],[-47.90058,-15.5934],[-47.89964,-15.5927],[-47.8988,-15.59203],[-47.89764,-15.5911],[-47.89684,-15.59046],[-47.89577,-15.59028],[-47.89453,-15.59093],[-47.891,-15.59294],[-47.89009,-15.59335],[-47.88763,-15.59284],[-47.88664,-15.59249],[-47.88545,-15.59251],[-47.88579,-15.59343],[-47.88682,-15.59324],[-47.88635,-15.59404],[-47.88745,-15.5939],[-47.88817,-15.59443],[-47.88781,-15.59528],[-47.88813,-15.59622],[-47.88859,-15.597],[-47.88901,-15.59779],[-47.8894,-15.59866],[-47.88986,-15.59945],[-47.89001,-15.6006],[-47.89046,-15.60137],[-47.89084,-15.60249],[-47.89115,-15.60352],[-47.89131,-15.60458],[-47.89159,-15.60556],[-47.89184,-15.60653],[-47.8922,-15.60748],[-47.89187,-15.60837],[-47.89095,-15.60865],[-47.89012,-15.60904],[-47.88948,-15.60963],[-47.8888,-15.61025],[-47.8882,-15.61091],[-47.88764,-15.61167],[-47.88725,-15.61249],[-47.8869,-15.61341],[-47.88659,-15.61432],[-47.88623,-15.61523],[-47.88378,-15.61753],[-47.88294,-15.61711],[-47.88213,-15.61669],[-47.88116,-15.61636],[-47.8802,-15.61606],[-47.87925,-15.61632],[-47.87834,-15.61667],[-47.8774,-15.61701],[-47.87658,-15.61663],[-47.87644,-15.61554],[-47.87569,-15.61498],[-47.87501,-15.61442],[-47.87429,-15.61392],[-47.87329,-15.61372],[-47.87242,-15.61406],[-47.87132,-15.61377],[-47.87042,-15.61336],[-47.87052,-15.61216],[-47.86991,-15.61277],[-47.86922,-15.61355],[-47.869,-15.61467],[-47.86887,-15.61615],[-47.86873,-15.61755],[-47.86834,-15.61854],[-47.8676,-15.61945],[-47.86687,-15.62],[-47.8658,-15.62016],[-47.86575,-15.61901],[-47.8659,-15.61796],[-47.8656,-15.61706],[-47.86485,-15.6166],[-47.86414,-15.61604],[-47.86352,-15.6154],[-47.86297,-15.61474],[-47.86247,-15.61403],[-47.86206,-15.61324],[-47.86146,-15.61261],[-47.8613,-15.61157],[-47.86092,-15.61073],[-47.86055,-15.60989],[-47.86094,-15.60907],[-47.86133,-15.60826],[-47.8617,-15.6074],[-47.86196,-15.60645],[-47.8618,-15.60539],[-47.86167,-15.60432],[-47.86214,-15.60356],[-47.86246,-15.60266],[-47.86212,-15.60177],[-47.86106,-15.60192],[-47.8603,-15.60238],[-47.85959,-15.6029],[-47.85889,-15.60237],[-47.85818,-15.60187],[-47.85803,-15.60081],[-47.8586,-15.60018],[-47.85869,-15.59906],[-47.85797,-15.59858],[-47.85702,-15.59828],[-47.8565,-15.59754],[-47.85583,-15.59809],[-47.85501,-15.59767],[-47.85395,-15.59753],[-47.85282,-15.59762],[-47.85214,-15.5971],[-47.85143,-15.59659],[-47.85028,-15.59664],[-47.84934,-15.59691],[-47.84851,-15.59654],[-47.84778,-15.59606],[-47.84672,-15.59621],[-47.84592,-15.59662],[-47.84504,-15.59629],[-47.8445,-15.59562],[-47.84345,-15.59545],[-47.84282,-15.59604],[-47.8423,-15.59674],[-47.84166,-15.59734],[-47.84121,-15.5982],[-47.84053,-15.59876],[-47.83956,-15.59852],[-47.83843,-15.5986],[-47.83738,-15.59842],[-47.83628,-15.5983],[-47.83486,-15.59899],[-47.8342,-15.59956],[-47.83412,-15.60086],[-47.83409,-15.60219],[-47.83344,-15.60276],[-47.83229,-15.60264],[-47.83093,-15.60277],[-47.82997,-15.60306],[-47.82946,-15.60408],[-47.82876,-15.6047],[-47.82641,-15.60643],[-47.82457,-15.60779],[-47.82322,-15.60878],[-47.82212,-15.60959],[-47.82117,-15.61028],[-47.8204,-15.61086],[-47.81972,-15.61174],[-47.81931,-15.61293],[-47.81881,-15.61467],[-47.81846,-15.61571],[-47.81801,-15.61653],[-47.81737,-15.61774],[-47.81686,-15.6187],[-47.8163,-15.61976],[-47.81576,-15.62078],[-47.81632,-15.62165],[-47.81786,-15.62163],[-47.81904,-15.62148],[-47.82057,-15.62164],[-47.82229,-15.62234],[-47.82302,-15.62292],[-47.82364,-15.62354],[-47.82428,-15.62455],[-47.82469,-15.62567],[-47.82481,-15.62677],[-47.8248,-15.62842],[-47.8247,-15.62999],[-47.82459,-15.6311],[-47.82425,-15.63224],[-47.82322,-15.63404],[-47.82277,-15.63488],[-47.82241,-15.63588],[-47.8219,-15.63683],[-47.82151,-15.638],[-47.82116,-15.63912],[-47.82054,-15.6406],[-47.81966,-15.64132],[-47.81765,-15.64191],[-47.81606,-15.64236],[-47.81459,-15.64277],[-47.81362,-15.64305],[-47.81235,-15.64341],[-47.81183,-15.64421],[-47.81241,-15.64496],[-47.81277,-15.64588],[-47.81334,-15.64666],[-47.81401,-15.64739],[-47.81459,-15.64828],[-47.81527,-15.64911],[-47.81597,-15.64981],[-47.81614,-15.65086],[-47.81639,-15.65208],[-47.81727,-15.65355],[-47.81705,-15.65466],[-47.81645,-15.65537],[-47.81612,-15.65634],[-47.81546,-15.65693],[-47.81458,-15.65743],[-47.81401,-15.65832],[-47.81345,-15.6592],[-47.81278,-15.65981],[-47.8125,-15.66084],[-47.81254,-15.66213],[-47.8122,-15.66308],[-47.81082,-15.66405],[-47.81029,-15.66483],[-47.80966,-15.66547],[-47.80915,-15.66623],[-47.81016,-15.66683],[-47.81134,-15.66739],[-47.81259,-15.66804],[-47.81342,-15.66858],[-47.81652,-15.67068],[-47.81852,-15.67207],[-47.82058,-15.67348],[-47.82192,-15.6744],[-47.82322,-15.6753],[-47.82482,-15.6764],[-47.82661,-15.67763],[-47.8275,-15.6782],[-47.82857,-15.67874],[-47.82987,-15.67925],[-47.83201,-15.67994],[-47.83422,-15.68065],[-47.83621,-15.68128],[-47.8374,-15.68166],[-47.83922,-15.68225],[-47.84094,-15.6828],[-47.8424,-15.68326],[-47.84398,-15.68377],[-47.84582,-15.68436],[-47.84708,-15.68476],[-47.84825,-15.68514],[-47.8492,-15.68544],[-47.85031,-15.6858],[-47.85225,-15.68642],[-47.85401,-15.68698],[-47.85527,-15.68736],[-47.85663,-15.68764],[-47.85796,-15.68788],[-47.85902,-15.68809],[-47.86055,-15.68749],[-47.86143,-15.68679],[-47.86298,-15.68545],[-47.86436,-15.68425],[-47.86512,-15.68365],[-47.86577,-15.68309],[-47.86675,-15.68221],[-47.86793,-15.68121],[-47.86939,-15.67995],[-47.8732,-15.6767],[-47.87483,-15.67531],[-47.88308,-15.66826],[-47.8849,-15.66689],[-47.88749,-15.665],[-47.89652,-15.65837],[-47.90012,-15.65572],[-47.91201,-15.64696],[-47.91307,-15.64619],[-47.91483,-15.6449],[-47.91571,-15.64428],[-47.91889,-15.64196],[-47.91977,-15.6413],[-47.92317,-15.63883],[-47.92393,-15.63825],[-47.92621,-15.63657],[-47.92853,-15.63488],[-47.93001,-15.6338],[-47.93193,-15.6324],[-47.93432,-15.63064],[-47.93588,-15.6295],[-47.93718,-15.62854],[-47.93814,-15.62783],[-47.93918,-15.62708],[-47.94025,-15.62631],[-47.94146,-15.62542],[-47.94263,-15.62457],[-47.94385,-15.62365],[-47.94463,-15.62308],[-47.94545,-15.62248],[-47.94634,-15.62182],[-47.94708,-15.62127],[-47.94804,-15.62058],[-47.94902,-15.61985],[-47.94996,-15.61916],[-47.9509,-15.61848],[-47.95183,-15.6178],[-47.95279,-15.61709],[-47.95383,-15.61633],[-47.95468,-15.6157],[-47.95559,-15.61503],[-47.95657,-15.61432],[-47.95751,-15.61362],[-47.9585,-15.61287],[-47.95963,-15.61201],[-47.96069,-15.61123],[-47.96154,-15.61058],[-47.96234,-15.60998],[-47.96339,-15.60918],[-47.96443,-15.60838],[-47.9655,-15.60757],[-47.96656,-15.60676],[-47.96781,-15.60581],[-47.96858,-15.60522],[-47.9695,-15.60453],[-47.9705,-15.60374],[-47.97216,-15.60251],[-47.97452,-15.60071],[-47.9754,-15.60004],[-47.97696,-15.59886],[-47.97876,-15.5975],[-47.98082,-15.59594],[-47.9825,-15.59467],[-47.9832,-15.59412],[-47.98503,-15.59274],[-47.98769,-15.59072],[-47.9902,-15.58881],[-47.99234,-15.58718],[-47.99399,-15.58594],[-47.99478,-15.58534],[-47.99549,-15.5848],[-47.99629,-15.58421],[-47.99717,-15.58355],[-47.99803,-15.58289],[-47.99892,-15.58221],[-47.99974,-15.58157],[-48.0008,-15.58077],[-48.00176,-15.58005],[-48.00297,-15.57926],[-48.0041,-15.5787],[-48.0051,-15.57836],[-48.00615,-15.57812],[-48.0074,-15.57797],[-48.00875,-15.57799],[-48.01022,-15.57819],[-48.01158,-15.57857],[-48.01275,-15.57908],[-48.01362,-15.57958],[-48.01458,-15.58028],[-48.01527,-15.58087],[-48.01649,-15.58195],[-48.01753,-15.58179],[-48.01815,-15.58103],[-48.01883,-15.5802],[-48.01946,-15.57944],[-48.02009,-15.57868],[-48.02096,-15.57764],[-48.02172,-15.57672],[-48.02239,-15.57589],[-48.02329,-15.57477],[-48.02412,-15.5738],[-48.02488,-15.57301],[-48.02569,-15.57236],[-48.02646,-15.57179],[-48.02733,-15.57116],[-48.02842,-15.57035],[-48.02926,-15.56974],[-48.03024,-15.56901],[-48.03145,-15.56812],[-48.03232,-15.56747],[-48.0333,-15.56674],[-48.03416,-15.5661],[-48.03482,-15.56555],[-48.03532,-15.56456],[-48.03529,-15.56328],[-48.03485,-15.5622],[-48.03414,-15.56082],[-48.03373,-15.55969],[-48.03361,-15.5586],[-48.03379,-15.55724],[-48.03419,-15.55622],[-48.03466,-15.55547],[-48.03531,-15.55471],[-48.03615,-15.55405],[-48.03696,-15.55357],[-48.03795,-15.55298],[-48.03887,-15.55244],[-48.03991,-15.55182],[-48.04089,-15.55127],[-48.04171,-15.55075],[-48.04239,-15.55013],[-48.04309,-15.54925],[-48.0436,-15.54812],[-48.04384,-15.54696],[-48.0438,-15.54556],[-48.04348,-15.54442],[-48.04302,-15.54337],[-48.04258,-15.54249],[-48.04201,-15.5417],[-48.04124,-15.54093],[-48.04026,-15.54004],[-48.03939,-15.53928],[-48.03851,-15.53848],[-48.03756,-15.53763],[-48.03676,-15.53692],[-48.03577,-15.53603],[-48.03492,-15.53523],[-48.03421,-15.53451],[-48.03348,-15.53391],[-48.03265,-15.5329],[-48.03208,-15.532],[-48.03181,-15.53107],[-48.03265,-15.53066],[-48.03381,-15.53128],[-48.03485,-15.53163],[-48.03578,-15.53082],[-48.03631,-15.53002],[-48.03683,-15.52923],[-48.03751,-15.52822],[-48.03811,-15.5273],[-48.0386,-15.52628],[-48.03897,-15.52511],[-48.03914,-15.52405],[-48.0393,-15.52267],[-48.03952,-15.52125],[-48.03966,-15.52014],[-48.03978,-15.51881],[-48.03964,-15.51746],[-48.0392,-15.5161],[-48.03877,-15.51507],[-48.03837,-15.514],[-48.0379,-15.51287],[-48.03748,-15.51184],[-48.0371,-15.5109],[-48.03648,-15.50957],[-48.036,-15.50859],[-48.03555,-15.50766],[-48.03509,-15.50673],[-48.0345,-15.50554],[-48.03407,-15.50446],[-48.03428,-15.50323],[-48.03473,-15.50248],[-47.97596,-15.50243],[-47.97548,-15.50325],[-47.97499,-15.50423],[-47.97455,-15.50512],[-47.9742,-15.50624],[-47.97398,-15.50738],[-47.974,-15.50894],[-47.97407,-15.5104],[-47.97381,-15.51152],[-47.9735,-15.51261],[-47.97333,-15.51382],[-47.9733,-15.51502],[-47.97338,-15.51675],[-47.97346,-15.51834],[-47.97347,-15.51965],[-47.97298,-15.52053],[-47.97208,-15.52141],[-47.97055,-15.52294],[-47.96968,-15.52383],[-47.96906,-15.52469],[-47.96918,-15.52589],[-47.96969,-15.52685],[-47.9702,-15.52777],[-47.97051,-15.52888],[-47.97012,-15.52989],[-47.96885,-15.53074],[-47.96769,-15.53134],[-47.96747,-15.53149]]]]}},{"type":"Feature","id":17,"properties":{"id":17,"nome":"Jardim Botânico","roman":"XXVII"},"geometry":{"type":"MultiPolygon","coordinates":[[[[-47.70722,-15.89356],[-47.7083,-15.89336],[-47.70958,-15.89316],[-47.70976,-15.89422],[-47.71064,-15.89371],[-47.71153,-15.89329],[-47.71225,-15.89268],[-47.71317,-15.893],[-47.71356,-15.89383],[-47.71443,-15.89418],[-47.71416,-15.89323],[-47.71457,-15.8924],[-47.71569,-15.89215],[-47.71687,-15.89207],[-47.71795,-15.8922],[-47.71898,-15.89193],[-47.71988,-15.89151],[-47.72079,-15.8912],[-47.72193,-15.89136],[-47.72326,-15.89118],[-47.72435,-15.89149],[-47.7251,-15.89196],[-47.72613,-15.89218],[-47.72678,-15.89281],[-47.72769,-15.89314],[-47.72828,-15.89378],[-47.72883,-15.89454],[-47.72944,-15.89514],[-47.73013,-15.8959],[-47.73098,-15.89632],[-47.73154,-15.89702],[-47.73221,-15.89758],[-47.73291,-15.89816],[-47.73392,-15.89857],[-47.73494,-15.89836],[-47.7359,-15.89866],[-47.73656,-15.89921],[-47.73774,-15.89906],[-47.73834,-15.89841],[-47.73968,-15.89862],[-47.74094,-15.89864],[-47.74196,-15.89893],[-47.74202,-15.90023],[-47.74255,-15.89955],[-47.74348,-15.89993],[-47.74438,-15.90026],[-47.74528,-15.90072],[-47.74646,-15.90087],[-47.74722,-15.90131],[-47.74838,-15.90126],[-47.74949,-15.90144],[-47.75067,-15.90148],[-47.75172,-15.90172],[-47.75255,-15.9024],[-47.75367,-15.9028],[-47.75469,-15.90255],[-47.75585,-15.90266],[-47.75703,-15.90259],[-47.75787,-15.90222],[-47.75861,-15.90159],[-47.75968,-15.9014],[-47.76028,-15.90201],[-47.76092,-15.9026],[-47.76201,-15.9024],[-47.76257,-15.90173],[-47.76301,-15.9007],[-47.76372,-15.9001],[-47.76446,-15.89962],[-47.76496,-15.89872],[-47.7655,-15.89783],[-47.76629,-15.89721],[-47.76695,-15.89667],[-47.7675,-15.89583],[-47.76803,-15.89512],[-47.76812,-15.89399],[-47.76847,-15.89307],[-47.76941,-15.89234],[-47.77032,-15.89179],[-47.77097,-15.89116],[-47.77118,-15.88997],[-47.77219,-15.88891],[-47.7729,-15.88807],[-47.77321,-15.88703],[-47.7737,-15.88601],[-47.77434,-15.88544],[-47.77531,-15.8852],[-47.77641,-15.88502],[-47.77732,-15.88466],[-47.77781,-15.8838],[-47.77825,-15.88301],[-47.7785,-15.882],[-47.77949,-15.88175],[-47.78066,-15.88134],[-47.78177,-15.88075],[-47.78269,-15.88042],[-47.78348,-15.87997],[-47.7844,-15.8796],[-47.785,-15.87877],[-47.78605,-15.87821],[-47.78693,-15.87692],[-47.78801,-15.87629],[-47.78918,-15.8757],[-47.79014,-15.87524],[-47.79138,-15.87507],[-47.79251,-15.87514],[-47.7937,-15.87506],[-47.7949,-15.87514],[-47.79585,-15.87561],[-47.79694,-15.87585],[-47.79757,-15.8765],[-47.79826,-15.87706],[-47.79905,-15.87747],[-47.79943,-15.8784],[-47.79999,-15.87914],[-47.80117,-15.8795],[-47.80174,-15.88018],[-47.80221,-15.88094],[-47.80098,-15.88112],[-47.79981,-15.88105],[-47.79795,-15.881],[-47.79712,-15.88045],[-47.79634,-15.87994],[-47.79548,-15.8796],[-47.79552,-15.88082],[-47.79514,-15.88169],[-47.79564,-15.88252],[-47.79611,-15.88326],[-47.7963,-15.88439],[-47.79646,-15.88564],[-47.79599,-15.88641],[-47.79513,-15.88688],[-47.79535,-15.88795],[-47.79497,-15.88914],[-47.79442,-15.88993],[-47.79375,-15.89048],[-47.79434,-15.89113],[-47.79527,-15.89155],[-47.79454,-15.89216],[-47.79369,-15.89267],[-47.79288,-15.89315],[-47.79402,-15.89495],[-47.79446,-15.89681],[-47.79296,-15.89768],[-47.79432,-15.90074],[-47.794,-15.90198],[-47.79319,-15.90251],[-47.79232,-15.90285],[-47.79143,-15.90338],[-47.7906,-15.9038],[-47.79027,-15.90472],[-47.79016,-15.90592],[-47.7894,-15.90637],[-47.78833,-15.9066],[-47.78752,-15.90704],[-47.78641,-15.90727],[-47.78566,-15.90774],[-47.78479,-15.90827],[-47.78424,-15.90903],[-47.7838,-15.90992],[-47.78324,-15.91063],[-47.78274,-15.91135],[-47.78245,-15.91246],[-47.78169,-15.91305],[-47.78072,-15.91348],[-47.7796,-15.91327],[-47.77859,-15.91308],[-47.77749,-15.91291],[-47.77642,-15.91326],[-47.77526,-15.91321],[-47.77421,-15.91304],[-47.7733,-15.91262],[-47.77344,-15.91374],[-47.77442,-15.91402],[-47.77503,-15.9147],[-47.77538,-15.91558],[-47.77599,-15.91626],[-47.77666,-15.91689],[-47.77657,-15.91803],[-47.77707,-15.9188],[-47.77735,-15.91981],[-47.77778,-15.92061],[-47.77813,-15.92156],[-47.77833,-15.92268],[-47.77909,-15.92312],[-47.77999,-15.92345],[-47.78103,-15.92383],[-47.78214,-15.92403],[-47.78338,-15.92428],[-47.78461,-15.92451],[-47.78593,-15.92492],[-47.7873,-15.92493],[-47.7885,-15.92526],[-47.78938,-15.92581],[-47.7904,-15.92601],[-47.79193,-15.92626],[-47.79319,-15.92654],[-47.79455,-15.92659],[-47.79569,-15.92678],[-47.79656,-15.92727],[-47.79755,-15.92774],[-47.7989,-15.92804],[-47.79999,-15.92835],[-47.80071,-15.92901],[-47.80138,-15.92961],[-47.80218,-15.93007],[-47.80284,-15.93077],[-47.80364,-15.9312],[-47.80463,-15.93153],[-47.80478,-15.9326],[-47.80521,-15.93366],[-47.80634,-15.93587],[-47.80718,-15.93804],[-47.80705,-15.93916],[-47.80623,-15.93959],[-47.80553,-15.94018],[-47.80516,-15.94103],[-47.80421,-15.94145],[-47.80342,-15.9419],[-47.80308,-15.94279],[-47.80242,-15.94342],[-47.80191,-15.94419],[-47.80152,-15.94507],[-47.80067,-15.94568],[-47.80005,-15.94654],[-47.79937,-15.94708],[-47.79876,-15.94781],[-47.79786,-15.94828],[-47.79734,-15.9492],[-47.79683,-15.94992],[-47.79621,-15.95054],[-47.79554,-15.95108],[-47.79512,-15.95191],[-47.79439,-15.95244],[-47.7939,-15.95334],[-47.79373,-15.95439],[-47.79344,-15.95537],[-47.79354,-15.95657],[-47.79325,-15.95755],[-47.79262,-15.95834],[-47.7921,-15.95908],[-47.79151,-15.95972],[-47.79028,-15.95985],[-47.78978,-15.96061],[-47.78899,-15.96114],[-47.78804,-15.96165],[-47.7869,-15.96209],[-47.78572,-15.96206],[-47.78494,-15.96255],[-47.78387,-15.96288],[-47.78259,-15.96295],[-47.78179,-15.96345],[-47.781,-15.96387],[-47.77991,-15.96399],[-47.77895,-15.96428],[-47.7777,-15.96456],[-47.77667,-15.96479],[-47.77545,-15.96535],[-47.77429,-15.96549],[-47.77322,-15.96574],[-47.77204,-15.96597],[-47.77156,-15.96671],[-47.77056,-15.96697],[-47.76991,-15.96753],[-47.76904,-15.96789],[-47.76815,-15.96861],[-47.76695,-15.96884],[-47.76623,-15.96934],[-47.76509,-15.96918],[-47.76404,-15.96954],[-47.76356,-15.97036],[-47.76253,-15.97113],[-47.76177,-15.97179],[-47.76089,-15.97234],[-47.76001,-15.97292],[-47.76075,-15.97357],[-47.76148,-15.97412],[-47.76201,-15.97493],[-47.76297,-15.97546],[-47.76353,-15.97634],[-47.76437,-15.9775],[-47.76468,-15.97844],[-47.76516,-15.97917],[-47.76621,-15.97943],[-47.76737,-15.97956],[-47.76822,-15.98045],[-47.7688,-15.98116],[-47.76991,-15.98148],[-47.77063,-15.98203],[-47.77151,-15.98266],[-47.77241,-15.98308],[-47.77383,-15.9833],[-47.77495,-15.98302],[-47.77565,-15.98353],[-47.77677,-15.9842],[-47.7777,-15.98455],[-47.77855,-15.98493],[-47.77824,-15.98586],[-47.77862,-15.98679],[-47.77917,-15.98763],[-47.77958,-15.98856],[-47.77865,-15.99052],[-47.77533,-15.99416],[-47.77429,-15.99527],[-47.7718,-15.99798],[-47.77109,-15.99876],[-47.7703,-15.99967],[-47.7694,-16.00076],[-47.76885,-16.00185],[-47.76815,-16.00342],[-47.76773,-16.00432],[-47.76668,-16.00549],[-47.7662,-16.00621],[-47.76486,-16.00746],[-47.76363,-16.00839],[-47.76276,-16.00916],[-47.76259,-16.01029],[-47.76275,-16.01134],[-47.76252,-16.01267],[-47.76241,-16.01392],[-47.76274,-16.01491],[-47.76344,-16.01619],[-47.76402,-16.01717],[-47.76448,-16.01835],[-47.7645,-16.01988],[-47.76409,-16.02083],[-47.76361,-16.02164],[-47.76271,-16.02226],[-47.762,-16.02287],[-47.76116,-16.02418],[-47.76068,-16.02491],[-47.76019,-16.02616],[-47.75988,-16.02706],[-47.75954,-16.02808],[-47.75978,-16.02914],[-47.76029,-16.03008],[-47.73425,-16.03184],[-47.73317,-16.03133],[-47.73256,-16.03062],[-47.73173,-16.03016],[-47.73112,-16.03083],[-47.72861,-16.03382],[-47.72744,-16.03564],[-47.72761,-16.03977],[-47.72706,-16.04071],[-47.72625,-16.04117],[-47.72547,-16.04165],[-47.72476,-16.04225],[-47.72397,-16.04284],[-47.72314,-16.04345],[-47.72256,-16.04416],[-47.72223,-16.0452],[-47.72196,-16.04618],[-47.7217,-16.04752],[-47.72117,-16.05036],[-47.81517,-16.05033],[-47.81732,-16.05033],[-47.88764,-16.05028],[-47.88752,-16.04902],[-47.88675,-16.04855],[-47.88606,-16.04786],[-47.88525,-16.0472],[-47.88437,-16.04675],[-47.88303,-16.0467],[-47.88208,-16.04633],[-47.88119,-16.04559],[-47.88083,-16.04456],[-47.88025,-16.04377],[-47.87949,-16.04311],[-47.87915,-16.04197],[-47.87837,-16.04135],[-47.87749,-16.04082],[-47.87647,-16.04038],[-47.87596,-16.0395],[-47.87488,-16.03913],[-47.8739,-16.03886],[-47.87316,-16.03937],[-47.87256,-16.03873],[-47.87182,-16.03826],[-47.8706,-16.03793],[-47.8693,-16.03797],[-47.86854,-16.0375],[-47.8689,-16.03664],[-47.86923,-16.03574],[-47.86971,-16.03485],[-47.8707,-16.0344],[-47.87094,-16.03341],[-47.87154,-16.03275],[-47.87191,-16.03182],[-47.87257,-16.03117],[-47.87292,-16.03025],[-47.87334,-16.02919],[-47.87376,-16.02835],[-47.87442,-16.02768],[-47.87483,-16.02682],[-47.87484,-16.02544],[-47.87524,-16.02424],[-47.87564,-16.02333],[-47.87605,-16.02234],[-47.87672,-16.02164],[-47.87714,-16.02078],[-47.87713,-16.0195],[-47.87697,-16.01831],[-47.87648,-16.01745],[-47.87572,-16.01669],[-47.87532,-16.01579],[-47.87452,-16.01502],[-47.8735,-16.01477],[-47.87275,-16.0143],[-47.87194,-16.01387],[-47.87116,-16.01342],[-47.87054,-16.01276],[-47.87153,-16.0124],[-47.87204,-16.01157],[-47.87254,-16.01086],[-47.87385,-16.01077],[-47.87438,-16.00999],[-47.87477,-16.00898],[-47.87528,-16.00823],[-47.87564,-16.00731],[-47.87588,-16.00625],[-47.87616,-16.00522],[-47.87676,-16.00413],[-47.87724,-16.00325],[-47.87761,-16.00239],[-47.87806,-16.00134],[-47.87836,-16.00043],[-47.87838,-15.99911],[-47.87821,-15.99787],[-47.87793,-15.99682],[-47.878,-15.9953],[-47.87827,-15.99412],[-47.87865,-15.99328],[-47.87907,-15.99234],[-47.87957,-15.99154],[-47.88013,-15.99086],[-47.88048,-15.98989],[-47.88037,-15.98871],[-47.8808,-15.9876],[-47.88096,-15.98645],[-47.88139,-15.98544],[-47.88187,-15.98449],[-47.88236,-15.98343],[-47.88301,-15.98268],[-47.88347,-15.98176],[-47.88405,-15.98053],[-47.88428,-15.97954],[-47.88459,-15.97844],[-47.88506,-15.9774],[-47.88593,-15.97698],[-47.88737,-15.97674],[-47.88782,-15.9759],[-47.88837,-15.97512],[-47.88896,-15.97409],[-47.88942,-15.9728],[-47.89005,-15.97174],[-47.89106,-15.97122],[-47.89237,-15.96937],[-47.88941,-15.96825],[-47.88797,-15.96772],[-47.88746,-15.96398],[-47.88734,-15.96273],[-47.88739,-15.96148],[-47.88756,-15.96021],[-47.8877,-15.959],[-47.8873,-15.9579],[-47.88808,-15.95583],[-47.8884,-15.95488],[-47.88868,-15.95384],[-47.88898,-15.95281],[-47.8896,-15.95177],[-47.89048,-15.95103],[-47.89103,-15.95029],[-47.89168,-15.94954],[-47.89237,-15.94892],[-47.89321,-15.94856],[-47.89383,-15.94771],[-47.89491,-15.94711],[-47.89578,-15.94641],[-47.89603,-15.94539],[-47.89669,-15.94471],[-47.89634,-15.94332],[-47.89652,-15.94228],[-47.89692,-15.94139],[-47.89736,-15.94052],[-47.8979,-15.93894],[-47.89821,-15.93787],[-47.89844,-15.93623],[-47.89874,-15.93523],[-47.89952,-15.93463],[-47.90028,-15.93408],[-47.90073,-15.93325],[-47.9015,-15.93253],[-47.90208,-15.93185],[-47.90253,-15.93107],[-47.90302,-15.93],[-47.90372,-15.92907],[-47.90419,-15.9283],[-47.9044,-15.92704],[-47.90514,-15.92601],[-47.90569,-15.92506],[-47.90616,-15.92428],[-47.90628,-15.92309],[-47.90683,-15.92228],[-47.90677,-15.9211],[-47.90669,-15.91939],[-47.90648,-15.91801],[-47.90597,-15.91717],[-47.9061,-15.91595],[-47.90666,-15.91529],[-47.90712,-15.9145],[-47.90766,-15.91382],[-47.9079,-15.91262],[-47.90664,-15.91246],[-47.90592,-15.91185],[-47.90475,-15.912],[-47.90358,-15.91197],[-47.90282,-15.91142],[-47.90172,-15.91124],[-47.90088,-15.91161],[-47.89987,-15.91182],[-47.89886,-15.91209],[-47.89772,-15.91198],[-47.89677,-15.91167],[-47.89579,-15.91138],[-47.89471,-15.91165],[-47.89336,-15.91171],[-47.89212,-15.91159],[-47.89092,-15.91148],[-47.88994,-15.9112],[-47.88866,-15.91132],[-47.88761,-15.91192],[-47.88671,-15.91235],[-47.88585,-15.9129],[-47.88467,-15.91343],[-47.8836,-15.91371],[-47.88249,-15.91354],[-47.88347,-15.91223],[-47.88798,-15.90712],[-47.89081,-15.90391],[-47.89212,-15.90242],[-47.89367,-15.90067],[-47.89294,-15.89983],[-47.88518,-15.89083],[-47.88234,-15.88754],[-47.88178,-15.88689],[-47.8801,-15.88494],[-47.87574,-15.88284],[-47.87431,-15.88215],[-47.8702,-15.88016],[-47.86867,-15.8794],[-47.86687,-15.87851],[-47.86053,-15.87537],[-47.85971,-15.87497],[-47.8582,-15.87422],[-47.85608,-15.87317],[-47.85698,-15.87124],[-47.8538,-15.86985],[-47.85116,-15.86869],[-47.85217,-15.86655],[-47.85315,-15.86449],[-47.85478,-15.86172],[-47.85522,-15.86048],[-47.85626,-15.85879],[-47.8547,-15.85769],[-47.85357,-15.85663],[-47.85063,-15.85715],[-47.84979,-15.85764],[-47.8473,-15.85908],[-47.84606,-15.85979],[-47.84523,-15.86027],[-47.84292,-15.86161],[-47.84426,-15.86236],[-47.84505,-15.86281],[-47.84324,-15.86584],[-47.83717,-15.86292],[-47.83603,-15.86227],[-47.83111,-15.85951],[-47.829,-15.8601],[-47.82398,-15.86244],[-47.82095,-15.86386],[-47.81998,-15.86328],[-47.81927,-15.86109],[-47.81821,-15.85762],[-47.81722,-15.85437],[-47.81653,-15.85213],[-47.816,-15.85096],[-47.81564,-15.85011],[-47.81484,-15.84879],[-47.81414,-15.84776],[-47.81321,-15.84664],[-47.8124,-15.84578],[-47.80987,-15.84251],[-47.80783,-15.83988],[-47.80703,-15.83885],[-47.80631,-15.83793],[-47.80571,-15.83714],[-47.80482,-15.83602],[-47.8043,-15.83533],[-47.80366,-15.83451],[-47.80311,-15.83383],[-47.80245,-15.83292],[-47.80076,-15.83074],[-47.80014,-15.82995],[-47.79917,-15.8287],[-47.79786,-15.82701],[-47.79691,-15.82573],[-47.79605,-15.82448],[-47.79538,-15.82337],[-47.79491,-15.82257],[-47.7944,-15.82161],[-47.79401,-15.8208],[-47.79288,-15.81815],[-47.79103,-15.81463],[-47.78991,-15.8125],[-47.78929,-15.81134],[-47.7888,-15.81042],[-47.788,-15.80874],[-47.78657,-15.80557],[-47.7862,-15.80393],[-47.78593,-15.80274],[-47.78548,-15.80142],[-47.78464,-15.79951],[-47.784,-15.79804],[-47.78259,-15.7984],[-47.78179,-15.79887],[-47.78055,-15.79906],[-47.77916,-15.79922],[-47.77793,-15.79928],[-47.77681,-15.79949],[-47.77614,-15.79891],[-47.77637,-15.79791],[-47.77647,-15.79677],[-47.77598,-15.79586],[-47.77468,-15.79593],[-47.77388,-15.79638],[-47.77359,-15.79751],[-47.77194,-15.80151],[-47.77153,-15.8026],[-47.77111,-15.80369],[-47.77076,-15.80463],[-47.77066,-15.80581],[-47.77114,-15.80684],[-47.77198,-15.80759],[-47.77266,-15.80825],[-47.77408,-15.80992],[-47.77497,-15.81097],[-47.77557,-15.81167],[-47.77623,-15.81242],[-47.77701,-15.81322],[-47.7778,-15.81382],[-47.77889,-15.81449],[-47.78018,-15.81503],[-47.78171,-15.81567],[-47.77954,-15.81636],[-47.77791,-15.81682],[-47.77678,-15.81714],[-47.77553,-15.81749],[-47.77438,-15.81786],[-47.77074,-15.81895],[-47.76744,-15.81978],[-47.76816,-15.82105],[-47.76951,-15.82209],[-47.77182,-15.82205],[-47.77304,-15.82194],[-47.77333,-15.82314],[-47.77309,-15.82437],[-47.77257,-15.82526],[-47.77211,-15.82611],[-47.77127,-15.82675],[-47.77101,-15.82779],[-47.77142,-15.8288],[-47.77173,-15.82974],[-47.77214,-15.83073],[-47.77239,-15.8317],[-47.77215,-15.83293],[-47.77189,-15.83393],[-47.77133,-15.83472],[-47.77042,-15.83542],[-47.76967,-15.83587],[-47.769,-15.83646],[-47.76812,-15.83683],[-47.76731,-15.83746],[-47.7664,-15.83782],[-47.76574,-15.83844],[-47.7647,-15.8386],[-47.76382,-15.83901],[-47.76279,-15.83944],[-47.76196,-15.83999],[-47.76135,-15.8406],[-47.76013,-15.84075],[-47.75966,-15.84163],[-47.75889,-15.84213],[-47.75769,-15.84241],[-47.7572,-15.84316],[-47.756,-15.84325],[-47.75537,-15.84393],[-47.75476,-15.84459],[-47.75402,-15.84523],[-47.75355,-15.84601],[-47.7528,-15.84652],[-47.75226,-15.84764],[-47.75138,-15.848],[-47.75064,-15.84865],[-47.75012,-15.84934],[-47.74957,-15.85017],[-47.74877,-15.85073],[-47.74842,-15.85191],[-47.74756,-15.85228],[-47.74661,-15.85258],[-47.74589,-15.85356],[-47.74621,-15.85458],[-47.74653,-15.85579],[-47.74675,-15.85692],[-47.74713,-15.85779],[-47.74695,-15.85898],[-47.74676,-15.86018],[-47.74583,-15.86052],[-47.74488,-15.86085],[-47.74427,-15.86154],[-47.74344,-15.86208],[-47.74344,-15.86348],[-47.74324,-15.86454],[-47.74348,-15.86555],[-47.7423,-15.86583],[-47.74172,-15.86659],[-47.74158,-15.8677],[-47.74144,-15.86885],[-47.74107,-15.86975],[-47.74004,-15.87006],[-47.73917,-15.87042],[-47.73813,-15.87065],[-47.73743,-15.8713],[-47.73665,-15.87183],[-47.73542,-15.8719],[-47.73433,-15.87177],[-47.73341,-15.87219],[-47.7322,-15.87232],[-47.73205,-15.87342],[-47.73109,-15.87307],[-47.73075,-15.87413],[-47.7295,-15.87398],[-47.72856,-15.87426],[-47.7274,-15.87436],[-47.72691,-15.87526],[-47.72629,-15.87456],[-47.72503,-15.87466],[-47.72457,-15.87545],[-47.72398,-15.87469],[-47.72304,-15.87495],[-47.72237,-15.87551],[-47.72221,-15.87662],[-47.72146,-15.87605],[-47.72066,-15.87646],[-47.71975,-15.87685],[-47.719,-15.87746],[-47.7179,-15.87759],[-47.7171,-15.87801],[-47.71661,-15.87722],[-47.7159,-15.87772],[-47.7149,-15.87797],[-47.71454,-15.87706],[-47.71399,-15.8764],[-47.71301,-15.87599],[-47.71186,-15.87577],[-47.71063,-15.87564],[-47.7101,-15.87497],[-47.7095,-15.87583],[-47.70968,-15.8769],[-47.70929,-15.87773],[-47.70847,-15.87734],[-47.70815,-15.87851],[-47.70773,-15.87959],[-47.70796,-15.88077],[-47.70858,-15.88142],[-47.70928,-15.88201],[-47.7093,-15.88331],[-47.7099,-15.88394],[-47.7102,-15.88484],[-47.7094,-15.88544],[-47.70979,-15.88628],[-47.71087,-15.88614],[-47.71177,-15.88671],[-47.71201,-15.88768],[-47.71142,-15.88836],[-47.71042,-15.88815],[-47.70951,-15.88858],[-47.70879,-15.88911],[-47.70815,-15.88974],[-47.70867,-15.89053],[-47.7094,-15.89104],[-47.70887,-15.89185],[-47.70769,-15.8913],[-47.70679,-15.89163],[-47.70697,-15.8927],[-47.70722,-15.89356]]]]}},{"type":"Feature","id":18,"properties":{"id":18,"nome":"Vicente Pires","roman":"XXX"},"geometry":{"type":"MultiPolygon","coordinates":[[[[-48.00867,-15.81596],[-48.01098,-15.81673],[-48.01256,-15.81731],[-48.01506,-15.81823],[-48.0162,-15.81869],[-48.01702,-15.81908],[-48.02062,-15.82115],[-48.02139,-15.8216],[-48.02228,-15.82213],[-48.02329,-15.82273],[-48.0245,-15.82345],[-48.02551,-15.82405],[-48.0263,-15.82454],[-48.02711,-15.82502],[-48.02792,-15.82549],[-48.02892,-15.8261],[-48.02973,-15.82658],[-48.03073,-15.8272],[-48.03194,-15.82791],[-48.03274,-15.8284],[-48.03355,-15.82888],[-48.03439,-15.82931],[-48.03527,-15.82964],[-48.03641,-15.82996],[-48.03804,-15.83022],[-48.03986,-15.83047],[-48.04109,-15.83064],[-48.04299,-15.83089],[-48.0451,-15.83116],[-48.04673,-15.83137],[-48.0494,-15.83173],[-48.05062,-15.83128],[-48.05106,-15.83042],[-48.05187,-15.8297],[-48.05261,-15.82924],[-48.05323,-15.8284],[-48.05374,-15.8274],[-48.05156,-15.82586],[-48.0519,-15.82491],[-48.05228,-15.82372],[-48.0527,-15.82214],[-48.05316,-15.82014],[-48.05347,-15.81883],[-48.05373,-15.81773],[-48.05399,-15.81646],[-48.05427,-15.81427],[-48.05485,-15.81341],[-48.05475,-15.81228],[-48.05515,-15.81094],[-48.05587,-15.80921],[-48.05631,-15.8081],[-48.05515,-15.80751],[-48.05431,-15.80707],[-48.0551,-15.80662],[-48.05621,-15.80582],[-48.05636,-15.8047],[-48.05596,-15.80389],[-48.05561,-15.80295],[-48.05508,-15.80165],[-48.05435,-15.79894],[-48.05391,-15.79808],[-48.05328,-15.7964],[-48.05292,-15.79508],[-48.05263,-15.79387],[-48.05233,-15.79297],[-48.05152,-15.79223],[-48.05346,-15.79225],[-48.05295,-15.79107],[-48.05253,-15.79013],[-48.05206,-15.78904],[-48.05163,-15.78796],[-48.05116,-15.78668],[-48.05056,-15.78532],[-48.04956,-15.78302],[-48.049,-15.78174],[-48.04771,-15.77883],[-48.04681,-15.77669],[-48.04633,-15.77539],[-48.046,-15.77435],[-48.04572,-15.77332],[-48.04529,-15.77132],[-48.04509,-15.76989],[-48.04487,-15.76747],[-48.04488,-15.76526],[-48.045,-15.76332],[-48.04519,-15.76182],[-48.04552,-15.76016],[-48.0458,-15.75893],[-48.04607,-15.75787],[-48.04661,-15.75618],[-48.04721,-15.7547],[-48.04762,-15.75371],[-48.04231,-15.75334],[-48.03693,-15.75296],[-48.03368,-15.75273],[-48.02958,-15.75244],[-48.02533,-15.75214],[-48.01719,-15.75156],[-48.01138,-15.7528],[-48.00801,-15.75363],[-48.00691,-15.7539],[-48.00483,-15.75471],[-48.00505,-15.75765],[-48.0053,-15.75886],[-48.00628,-15.75951],[-48.00656,-15.76045],[-48.00663,-15.7617],[-48.00715,-15.7624],[-48.00711,-15.76381],[-48.00727,-15.76491],[-48.00685,-15.76582],[-48.00654,-15.76691],[-48.00675,-15.76821],[-48.00669,-15.76939],[-48.00617,-15.77019],[-48.0062,-15.77167],[-48.00634,-15.7728],[-48.00679,-15.77364],[-48.00647,-15.77463],[-48.00661,-15.77595],[-48.00605,-15.77695],[-48.00614,-15.77834],[-48.00589,-15.77956],[-48.00551,-15.78053],[-48.00489,-15.78129],[-48.0045,-15.7823],[-48.00414,-15.78323],[-48.00416,-15.78457],[-48.00343,-15.78519],[-48.00299,-15.78611],[-48.00174,-15.78618],[-48.00033,-15.78615],[-47.99893,-15.78616],[-47.99763,-15.78622],[-47.99643,-15.78629],[-47.99464,-15.78646],[-47.99313,-15.78665],[-47.99167,-15.78688],[-47.99057,-15.7871],[-47.99017,-15.79029],[-47.99036,-15.79167],[-47.99055,-15.79315],[-47.99075,-15.79466],[-47.99091,-15.7963],[-47.99123,-15.79952],[-47.99142,-15.80096],[-47.99167,-15.80286],[-47.99197,-15.80499],[-47.99211,-15.80608],[-47.99238,-15.80816],[-47.99263,-15.8094],[-47.99278,-15.81049],[-47.99404,-15.81089],[-47.99592,-15.81126],[-47.99706,-15.81167],[-47.99804,-15.81203],[-47.99949,-15.81257],[-48.00049,-15.81295],[-48.00141,-15.81329],[-48.00246,-15.81368],[-48.00371,-15.81414],[-48.00466,-15.81448],[-48.00574,-15.81489],[-48.007,-15.81534],[-48.00867,-15.81596]]]]}},{"type":"Feature","id":19,"properties":{"id":19,"nome":"SIA","roman":"XXIX"},"geometry":{"type":"MultiPolygon","coordinates":[[[[-47.91701,-15.74019],[-47.92652,-15.75546],[-47.93404,-15.76756],[-47.93627,-15.77125],[-47.93704,-15.773],[-47.93784,-15.77531],[-47.93851,-15.77727],[-47.94117,-15.78513],[-47.94618,-15.80015],[-47.94681,-15.80202],[-47.94736,-15.80377],[-47.94786,-15.80631],[-47.94839,-15.8101],[-47.94953,-15.80998],[-47.95207,-15.80957],[-47.95509,-15.80911],[-47.95782,-15.8087],[-47.96003,-15.80836],[-47.96195,-15.80807],[-47.96484,-15.80764],[-47.96682,-15.80736],[-47.96796,-15.80727],[-47.96956,-15.80763],[-47.9705,-15.80807],[-47.97056,-15.80667],[-47.97035,-15.80537],[-47.97136,-15.80478],[-47.97183,-15.80375],[-47.97324,-15.80353],[-47.97667,-15.803],[-47.97885,-15.80266],[-47.97977,-15.80223],[-47.98025,-15.80129],[-47.98136,-15.80093],[-47.98185,-15.79998],[-47.98345,-15.80035],[-47.98434,-15.8008],[-47.98523,-15.80125],[-47.98627,-15.80186],[-47.98725,-15.8027],[-47.98802,-15.80337],[-47.98897,-15.80391],[-47.99008,-15.80423],[-47.99086,-15.80496],[-47.99129,-15.8061],[-47.99197,-15.80499],[-47.99182,-15.80386],[-47.99142,-15.80096],[-47.99129,-15.79988],[-47.99099,-15.79717],[-47.99088,-15.79567],[-47.99066,-15.79398],[-47.99037,-15.79177],[-47.99017,-15.79029],[-47.98977,-15.78729],[-47.98847,-15.78758],[-47.98643,-15.78813],[-47.98447,-15.78877],[-47.98331,-15.78918],[-47.98187,-15.78974],[-47.98089,-15.79017],[-47.97924,-15.79092],[-47.97826,-15.7914],[-47.97705,-15.79205],[-47.97497,-15.79319],[-47.9733,-15.79413],[-47.97229,-15.79468],[-47.97126,-15.79517],[-47.97032,-15.79549],[-47.96936,-15.79507],[-47.96844,-15.79466],[-47.96736,-15.79438],[-47.96619,-15.7943],[-47.96701,-15.79275],[-47.96768,-15.79199],[-47.96858,-15.79105],[-47.96925,-15.79031],[-47.97016,-15.78933],[-47.97263,-15.78668],[-47.9734,-15.78584],[-47.9742,-15.78497],[-47.97481,-15.78431],[-47.97555,-15.78352],[-47.97645,-15.78253],[-47.9773,-15.78211],[-47.97123,-15.77664],[-47.97515,-15.77253],[-47.97573,-15.76939],[-47.97583,-15.76604],[-47.9763,-15.76419],[-47.97275,-15.75584],[-47.9702,-15.75325],[-47.96957,-15.75262],[-47.96819,-15.75179],[-47.96737,-15.7513],[-47.96332,-15.74886],[-47.95713,-15.74838],[-47.949,-15.74775],[-47.94673,-15.7478],[-47.94234,-15.74791],[-47.93914,-15.7462],[-47.93602,-15.74454],[-47.92794,-15.74023],[-47.9233,-15.74292],[-47.92112,-15.74418],[-47.92116,-15.74262],[-47.9195,-15.73997],[-47.91733,-15.74001],[-47.91701,-15.74019]]]]}},{"type":"Feature","id":20,"properties":{"id":20,"nome":"Águas Claras","roman":"XX"},"geometry":{"type":"MultiPolygon","coordinates":[[[[-48.00484,-15.81463],[-48.00445,-15.81552],[-48.00347,-15.81611],[-48.00245,-15.81676],[-48.00147,-15.81722],[-48.00179,-15.81812],[-48.00274,-15.81842],[-48.00383,-15.81912],[-48.00544,-15.81986],[-48.00671,-15.82038],[-48.00769,-15.8208],[-48.00959,-15.82159],[-48.01056,-15.82201],[-48.01115,-15.82115],[-48.01219,-15.82159],[-48.01366,-15.8222],[-48.01244,-15.82488],[-48.0119,-15.82611],[-48.01154,-15.82704],[-48.01107,-15.82789],[-48.01051,-15.82936],[-48.01001,-15.83047],[-48.0094,-15.83185],[-48.00885,-15.83308],[-48.00853,-15.834],[-48.00804,-15.83491],[-48.00609,-15.83465],[-48.0049,-15.83519],[-48.00432,-15.83648],[-48.00363,-15.83806],[-48.00458,-15.83847],[-48.00543,-15.83882],[-48.00654,-15.83929],[-48.00808,-15.83994],[-48.00913,-15.84038],[-48.01036,-15.84091],[-48.01121,-15.84126],[-48.01217,-15.8416],[-48.01336,-15.84192],[-48.0146,-15.84222],[-48.01564,-15.84247],[-48.01666,-15.84282],[-48.01807,-15.84342],[-48.01892,-15.84379],[-48.02,-15.84424],[-48.02097,-15.84465],[-48.02185,-15.84502],[-48.0232,-15.84549],[-48.02417,-15.84588],[-48.02511,-15.84629],[-48.02604,-15.84669],[-48.02704,-15.84701],[-48.03292,-15.8495],[-48.03685,-15.85052],[-48.03745,-15.84942],[-48.03955,-15.84551],[-48.04189,-15.84113],[-48.04392,-15.83734],[-48.04546,-15.83433],[-48.04889,-15.83579],[-48.04931,-15.83498],[-48.04962,-15.83375],[-48.04992,-15.83269],[-48.05033,-15.83186],[-48.04757,-15.83147],[-48.04613,-15.83129],[-48.04299,-15.83089],[-48.0418,-15.83073],[-48.04015,-15.83052],[-48.03875,-15.83031],[-48.0371,-15.83009],[-48.03572,-15.82979],[-48.0346,-15.8294],[-48.03355,-15.82888],[-48.03274,-15.8284],[-48.03194,-15.82791],[-48.03093,-15.82731],[-48.03013,-15.82683],[-48.02932,-15.82634],[-48.02852,-15.82586],[-48.02711,-15.82502],[-48.0263,-15.82454],[-48.02551,-15.82405],[-48.0245,-15.82345],[-48.02369,-15.82297],[-48.02228,-15.82213],[-48.02139,-15.8216],[-48.02062,-15.82115],[-48.01765,-15.81937],[-48.0162,-15.81869],[-48.01506,-15.81823],[-48.01256,-15.81731],[-48.01098,-15.81673],[-48.00867,-15.81596],[-48.00721,-15.81541],[-48.00629,-15.81509],[-48.00499,-15.81459],[-48.00484,-15.81463]]]]}},{"type":"Feature","id":21,"properties":{"id":21,"nome":"Ceilândia","roman":"IX"},"geometry":{"type":"MultiPolygon","coordinates":[[[[-48.11192,-15.77044],[-48.11133,-15.77118],[-48.11018,-15.77141],[-48.10923,-15.77177],[-48.10816,-15.772],[-48.10695,-15.77191],[-48.10627,-15.77245],[-48.10578,-15.77324],[-48.10543,-15.77428],[-48.10508,-15.77522],[-48.104,-15.77536],[-48.10344,-15.77671],[-48.10309,-15.77758],[-48.10256,-15.77829],[-48.10267,-15.77945],[-48.10281,-15.78055],[-48.10359,-15.78099],[-48.10328,-15.78199],[-48.10291,-15.78331],[-48.1031,-15.78506],[-48.10319,-15.78628],[-48.10397,-15.78683],[-48.1046,-15.78745],[-48.10518,-15.78833],[-48.1058,-15.78903],[-48.10672,-15.78955],[-48.10718,-15.79041],[-48.10825,-15.79013],[-48.10894,-15.79111],[-48.1095,-15.79188],[-48.11003,-15.79263],[-48.11059,-15.79341],[-48.11145,-15.79393],[-48.11242,-15.79452],[-48.11072,-15.79677],[-48.1086,-15.79955],[-48.1076,-15.79884],[-48.10674,-15.79994],[-48.10608,-15.80069],[-48.10469,-15.80219],[-48.10389,-15.80307],[-48.1025,-15.80453],[-48.10173,-15.80537],[-48.10098,-15.80592],[-48.10013,-15.80704],[-48.09817,-15.80964],[-48.09667,-15.8117],[-48.09612,-15.81271],[-48.09563,-15.81372],[-48.09518,-15.81468],[-48.09479,-15.81551],[-48.09437,-15.81641],[-48.09388,-15.81717],[-48.09343,-15.81833],[-48.09318,-15.81954],[-48.09247,-15.82151],[-48.09315,-15.82223],[-48.09279,-15.82314],[-48.09234,-15.82432],[-48.09189,-15.82533],[-48.09153,-15.82625],[-48.09109,-15.82742],[-48.09073,-15.82835],[-48.09038,-15.82927],[-48.09004,-15.83016],[-48.08969,-15.83109],[-48.08919,-15.83239],[-48.08884,-15.83331],[-48.08848,-15.83422],[-48.08809,-15.83517],[-48.08953,-15.83638],[-48.09146,-15.83703],[-48.0933,-15.83773],[-48.09197,-15.84167],[-48.09087,-15.84155],[-48.09086,-15.84287],[-48.09091,-15.84446],[-48.0907,-15.84592],[-48.08998,-15.84684],[-48.08818,-15.85025],[-48.08767,-15.85122],[-48.08832,-15.85183],[-48.08914,-15.8524],[-48.09025,-15.8527],[-48.09131,-15.85286],[-48.09202,-15.85342],[-48.09301,-15.85319],[-48.09385,-15.85367],[-48.09507,-15.85379],[-48.09612,-15.85421],[-48.09697,-15.85459],[-48.09781,-15.85509],[-48.09879,-15.85535],[-48.09965,-15.85578],[-48.10043,-15.85631],[-48.10143,-15.85653],[-48.10234,-15.85698],[-48.10353,-15.85701],[-48.10459,-15.85734],[-48.1057,-15.8576],[-48.1062,-15.85837],[-48.10707,-15.85889],[-48.10809,-15.85862],[-48.10855,-15.85788],[-48.1093,-15.8572],[-48.1099,-15.85653],[-48.11043,-15.85574],[-48.1113,-15.85415],[-48.11195,-15.85236],[-48.11335,-15.85052],[-48.11511,-15.85164],[-48.11618,-15.85239],[-48.11881,-15.85428],[-48.12049,-15.85547],[-48.12269,-15.8526],[-48.12418,-15.85064],[-48.12563,-15.84874],[-48.12715,-15.84676],[-48.1281,-15.84551],[-48.12947,-15.84368],[-48.13011,-15.84304],[-48.13052,-15.84224],[-48.13029,-15.84126],[-48.1284,-15.83982],[-48.12735,-15.8391],[-48.12607,-15.83829],[-48.12422,-15.83697],[-48.12263,-15.8387],[-48.12002,-15.83683],[-48.11802,-15.8354],[-48.1164,-15.83424],[-48.11592,-15.83349],[-48.1153,-15.83249],[-48.11559,-15.83155],[-48.11612,-15.83083],[-48.11668,-15.83013],[-48.11724,-15.82938],[-48.11777,-15.82869],[-48.11925,-15.82889],[-48.11975,-15.82814],[-48.12046,-15.82721],[-48.12103,-15.8265],[-48.12245,-15.82739],[-48.12377,-15.82836],[-48.12409,-15.8269],[-48.12428,-15.82581],[-48.12484,-15.825],[-48.12558,-15.82397],[-48.12762,-15.82164],[-48.12835,-15.81974],[-48.1287,-15.81879],[-48.13125,-15.81969],[-48.13184,-15.81825],[-48.13081,-15.81788],[-48.13136,-15.81642],[-48.13267,-15.81615],[-48.1333,-15.81452],[-48.13472,-15.81502],[-48.1355,-15.81299],[-48.13596,-15.81179],[-48.1364,-15.81067],[-48.1368,-15.80908],[-48.13924,-15.80979],[-48.14077,-15.81024],[-48.14172,-15.80989],[-48.14267,-15.80951],[-48.1438,-15.8093],[-48.1459,-15.80911],[-48.14746,-15.80882],[-48.15052,-15.80847],[-48.15386,-15.80922],[-48.15472,-15.8097],[-48.15546,-15.81041],[-48.1559,-15.80963],[-48.15801,-15.81024],[-48.1589,-15.80954],[-48.1636,-15.79501],[-48.16394,-15.79396],[-48.16661,-15.79476],[-48.16814,-15.79519],[-48.17176,-15.79618],[-48.17276,-15.79646],[-48.17458,-15.79703],[-48.18042,-15.79872],[-48.18144,-15.799],[-48.18253,-15.79918],[-48.18389,-15.79921],[-48.18516,-15.79902],[-48.18856,-15.79801],[-48.18885,-15.79901],[-48.18831,-15.7998],[-48.18841,-15.80099],[-48.1886,-15.80209],[-48.18889,-15.80322],[-48.18927,-15.80414],[-48.18962,-15.80506],[-48.18992,-15.8061],[-48.19028,-15.80701],[-48.19099,-15.80757],[-48.19107,-15.8091],[-48.19112,-15.8105],[-48.19082,-15.81161],[-48.19043,-15.81264],[-48.19004,-15.81353],[-48.18942,-15.81412],[-48.18875,-15.81474],[-48.18773,-15.81493],[-48.18692,-15.81548],[-48.18625,-15.81613],[-48.18568,-15.81734],[-48.18507,-15.81818],[-48.18467,-15.81916],[-48.18457,-15.82033],[-48.18411,-15.8211],[-48.18354,-15.8219],[-48.18342,-15.82298],[-48.1841,-15.8235],[-48.18442,-15.82452],[-48.18491,-15.82528],[-48.18538,-15.82604],[-48.18601,-15.82695],[-48.18667,-15.82767],[-48.18689,-15.8287],[-48.18746,-15.82972],[-48.18805,-15.8306],[-48.18831,-15.83176],[-48.18862,-15.8328],[-48.18885,-15.8338],[-48.18907,-15.83482],[-48.19015,-15.83563],[-48.1894,-15.83707],[-48.18887,-15.83824],[-48.18801,-15.83895],[-48.18751,-15.8397],[-48.18688,-15.84036],[-48.18629,-15.8412],[-48.18608,-15.84219],[-48.18648,-15.84322],[-48.18588,-15.84452],[-48.18512,-15.845],[-48.18434,-15.84436],[-48.18371,-15.84507],[-48.18316,-15.84573],[-48.18188,-15.84581],[-48.18023,-15.84615],[-48.17909,-15.84726],[-48.17824,-15.84782],[-48.17775,-15.84862],[-48.1776,-15.84977],[-48.17725,-15.85081],[-48.17677,-15.85156],[-48.17694,-15.85284],[-48.17656,-15.85368],[-48.17647,-15.85486],[-48.17626,-15.85598],[-48.17549,-15.85643],[-48.17574,-15.85748],[-48.17674,-15.85723],[-48.17725,-15.85796],[-48.17762,-15.85942],[-48.17806,-15.86035],[-48.17766,-15.8614],[-48.17842,-15.86187],[-48.17945,-15.86166],[-48.18026,-15.86116],[-48.18199,-15.86054],[-48.18273,-15.86131],[-48.18324,-15.86227],[-48.1835,-15.86344],[-48.18356,-15.8646],[-48.1841,-15.86526],[-48.18481,-15.86584],[-48.18512,-15.86686],[-48.18581,-15.86741],[-48.18658,-15.86805],[-48.18744,-15.86881],[-48.18834,-15.86933],[-48.18896,-15.87001],[-48.18941,-15.871],[-48.19061,-15.87133],[-48.19203,-15.87132],[-48.19266,-15.8719],[-48.19179,-15.87232],[-48.1925,-15.87302],[-48.1934,-15.87346],[-48.1937,-15.8744],[-48.19448,-15.87487],[-48.19473,-15.87589],[-48.19523,-15.87661],[-48.19577,-15.87728],[-48.19632,-15.87801],[-48.19607,-15.87902],[-48.19693,-15.87953],[-48.19755,-15.88046],[-48.19778,-15.88156],[-48.19787,-15.8828],[-48.19909,-15.88295],[-48.19987,-15.8838],[-48.19998,-15.88498],[-48.20073,-15.88549],[-48.20066,-15.88677],[-48.20024,-15.88772],[-48.20077,-15.88859],[-48.20137,-15.88922],[-48.20208,-15.88988],[-48.20221,-15.89121],[-48.20312,-15.89157],[-48.20384,-15.8921],[-48.20451,-15.89143],[-48.20579,-15.89144],[-48.20584,-15.89262],[-48.20652,-15.89338],[-48.20766,-15.89308],[-48.2079,-15.89428],[-48.20819,-15.8954],[-48.20919,-15.89566],[-48.20973,-15.89641],[-48.21037,-15.89702],[-48.21077,-15.8962],[-48.21161,-15.89573],[-48.21238,-15.89618],[-48.21257,-15.89723],[-48.21348,-15.89753],[-48.21448,-15.89775],[-48.2153,-15.89724],[-48.2169,-15.89743],[-48.21809,-15.89752],[-48.21845,-15.89893],[-48.21914,-15.89838],[-48.21981,-15.89781],[-48.22035,-15.89852],[-48.22016,-15.8996],[-48.22048,-15.90066],[-48.22127,-15.90108],[-48.22197,-15.90056],[-48.22315,-15.90072],[-48.22323,-15.90188],[-48.22399,-15.90237],[-48.22418,-15.90134],[-48.22531,-15.90126],[-48.22628,-15.90103],[-48.22642,-15.89989],[-48.22727,-15.90032],[-48.2284,-15.90023],[-48.22798,-15.90105],[-48.22847,-15.90182],[-48.22956,-15.90168],[-48.23062,-15.90153],[-48.23174,-15.90143],[-48.23224,-15.90072],[-48.23332,-15.90045],[-48.23423,-15.90081],[-48.23484,-15.9002],[-48.23505,-15.89898],[-48.2355,-15.89976],[-48.23625,-15.8993],[-48.23649,-15.90034],[-48.23698,-15.90114],[-48.23656,-15.90198],[-48.23587,-15.9026],[-48.23648,-15.90331],[-48.23736,-15.90364],[-48.23848,-15.90382],[-48.23936,-15.90338],[-48.24013,-15.90276],[-48.24024,-15.90391],[-48.2408,-15.90457],[-48.24177,-15.90482],[-48.24288,-15.90496],[-48.24366,-15.90553],[-48.24424,-15.90624],[-48.245,-15.90671],[-48.24597,-15.90702],[-48.24715,-15.90708],[-48.24678,-15.90803],[-48.24686,-15.9093],[-48.24751,-15.90872],[-48.24801,-15.90946],[-48.24857,-15.90879],[-48.24976,-15.90877],[-48.25084,-15.90891],[-48.25173,-15.90925],[-48.25267,-15.90986],[-48.25279,-15.91098],[-48.25339,-15.91164],[-48.25374,-15.91076],[-48.25437,-15.91139],[-48.25503,-15.91196],[-48.25544,-15.91276],[-48.2548,-15.9134],[-48.25467,-15.9145],[-48.25513,-15.91544],[-48.25441,-15.91619],[-48.25372,-15.91675],[-48.2546,-15.91713],[-48.25593,-15.91717],[-48.25648,-15.9179],[-48.2577,-15.91791],[-48.2579,-15.91895],[-48.25826,-15.91997],[-48.25895,-15.92051],[-48.25944,-15.92136],[-48.25907,-15.92222],[-48.25859,-15.92305],[-48.2588,-15.92429],[-48.25869,-15.92546],[-48.25891,-15.92653],[-48.25925,-15.92763],[-48.25922,-15.92895],[-48.26051,-15.92934],[-48.26125,-15.92885],[-48.2607,-15.92811],[-48.26189,-15.92822],[-48.26333,-15.92837],[-48.26429,-15.92864],[-48.26461,-15.93031],[-48.265,-15.9314],[-48.26595,-15.932],[-48.26702,-15.93255],[-48.26793,-15.93302],[-48.26878,-15.93242],[-48.26975,-15.93172],[-48.27107,-15.932],[-48.27227,-15.93157],[-48.27352,-15.93122],[-48.27468,-15.93115],[-48.27579,-15.93158],[-48.27559,-15.93044],[-48.27527,-15.92953],[-48.2748,-15.92874],[-48.27469,-15.92762],[-48.27545,-15.9271],[-48.27632,-15.92676],[-48.2768,-15.92591],[-48.27568,-15.92573],[-48.27538,-15.92466],[-48.27639,-15.92432],[-48.27577,-15.92361],[-48.27626,-15.92284],[-48.27552,-15.92231],[-48.27459,-15.92291],[-48.27388,-15.92232],[-48.27288,-15.92211],[-48.27199,-15.92178],[-48.27247,-15.92077],[-48.27311,-15.92021],[-48.2719,-15.92026],[-48.27088,-15.92005],[-48.27011,-15.91955],[-48.27077,-15.91887],[-48.27101,-15.91774],[-48.26989,-15.91759],[-48.27047,-15.91689],[-48.27076,-15.91596],[-48.27049,-15.91502],[-48.2701,-15.91377],[-48.26936,-15.91314],[-48.26992,-15.91241],[-48.26965,-15.91141],[-48.27024,-15.91071],[-48.27168,-15.91086],[-48.27262,-15.91051],[-48.2735,-15.91008],[-48.27447,-15.90956],[-48.27478,-15.9081],[-48.27573,-15.90729],[-48.27687,-15.90743],[-48.27654,-15.9063],[-48.27557,-15.90572],[-48.27482,-15.90523],[-48.27435,-15.90424],[-48.27448,-15.90301],[-48.27579,-15.903],[-48.27584,-15.90165],[-48.27617,-15.90074],[-48.27667,-15.89997],[-48.27602,-15.89926],[-48.27517,-15.89966],[-48.2739,-15.89945],[-48.27402,-15.89824],[-48.27541,-15.89748],[-48.276,-15.89674],[-48.2754,-15.8961],[-48.27454,-15.89548],[-48.27315,-15.89572],[-48.27343,-15.89441],[-48.27443,-15.89396],[-48.27543,-15.89369],[-48.27601,-15.89285],[-48.27573,-15.8919],[-48.27534,-15.89108],[-48.27478,-15.89034],[-48.27369,-15.8902],[-48.27406,-15.88935],[-48.27366,-15.88849],[-48.27331,-15.88729],[-48.27314,-15.88597],[-48.27241,-15.88547],[-48.27183,-15.88449],[-48.27172,-15.88339],[-48.27249,-15.8828],[-48.2732,-15.88225],[-48.27353,-15.88132],[-48.27383,-15.88031],[-48.27392,-15.87919],[-48.27471,-15.87877],[-48.27491,-15.87981],[-48.27522,-15.88078],[-48.27563,-15.87986],[-48.27565,-15.87867],[-48.27542,-15.87722],[-48.27485,-15.87657],[-48.27577,-15.87624],[-48.27666,-15.87582],[-48.27717,-15.875],[-48.27755,-15.87322],[-48.27792,-15.87208],[-48.27717,-15.87161],[-48.27592,-15.87048],[-48.27663,-15.86931],[-48.27752,-15.8688],[-48.27856,-15.86859],[-48.27966,-15.8688],[-48.27946,-15.86757],[-48.28022,-15.86709],[-48.28043,-15.8659],[-48.27972,-15.86533],[-48.27925,-15.86458],[-48.27907,-15.86355],[-48.28006,-15.86295],[-48.27917,-15.862],[-48.27923,-15.86082],[-48.28017,-15.8604],[-48.28021,-15.86157],[-48.28093,-15.86056],[-48.28152,-15.85987],[-48.28128,-15.8589],[-48.28052,-15.85842],[-48.28055,-15.85688],[-48.28143,-15.85743],[-48.28188,-15.85665],[-48.28245,-15.85579],[-48.28331,-15.85615],[-48.28273,-15.85539],[-48.28339,-15.85446],[-48.28427,-15.85396],[-48.28359,-15.85318],[-48.28274,-15.85362],[-48.28256,-15.85247],[-48.28286,-15.85127],[-48.28341,-15.85029],[-48.28412,-15.84975],[-48.284,-15.84862],[-48.28439,-15.84697],[-48.28526,-15.84652],[-48.28491,-15.84555],[-48.28561,-15.84467],[-48.28569,-15.84338],[-48.28503,-15.8427],[-48.28377,-15.84235],[-48.28397,-15.84119],[-48.28492,-15.84064],[-48.28509,-15.8396],[-48.28477,-15.83847],[-48.28504,-15.83707],[-48.28481,-15.8361],[-48.28408,-15.83525],[-48.28355,-15.8343],[-48.28279,-15.83364],[-48.28234,-15.83276],[-48.28188,-15.83183],[-48.28156,-15.82991],[-48.28133,-15.82888],[-48.28091,-15.82809],[-48.2815,-15.82725],[-48.28109,-15.82635],[-48.28053,-15.8257],[-48.28067,-15.8244],[-48.27984,-15.82303],[-48.2787,-15.82234],[-48.27812,-15.82156],[-48.27719,-15.82039],[-48.27653,-15.81933],[-48.27646,-15.8182],[-48.27559,-15.81772],[-48.27513,-15.81698],[-48.27407,-15.81679],[-48.2728,-15.81612],[-48.27196,-15.81556],[-48.27144,-15.81483],[-48.27121,-15.81385],[-48.27106,-15.81277],[-48.2704,-15.81332],[-48.2697,-15.81279],[-48.26853,-15.81287],[-48.26782,-15.81189],[-48.26796,-15.81049],[-48.26818,-15.80907],[-48.26759,-15.80828],[-48.26691,-15.80898],[-48.26659,-15.80806],[-48.26685,-15.80705],[-48.26592,-15.8076],[-48.26518,-15.8087],[-48.26451,-15.80783],[-48.26414,-15.80675],[-48.26274,-15.80621],[-48.26177,-15.80651],[-48.26117,-15.80556],[-48.2603,-15.80476],[-48.25969,-15.804],[-48.25886,-15.80361],[-48.25825,-15.80296],[-48.25706,-15.80264],[-48.2567,-15.8018],[-48.25537,-15.80199],[-48.25407,-15.80198],[-48.25284,-15.80206],[-48.2516,-15.80202],[-48.25041,-15.80212],[-48.24999,-15.8013],[-48.24913,-15.80069],[-48.24944,-15.80169],[-48.2488,-15.80237],[-48.2482,-15.80135],[-48.2485,-15.80016],[-48.24904,-15.79949],[-48.24872,-15.79859],[-48.2476,-15.79869],[-48.24683,-15.79924],[-48.24708,-15.80024],[-48.24615,-15.79995],[-48.24624,-15.79859],[-48.24676,-15.79783],[-48.24624,-15.79704],[-48.24547,-15.79766],[-48.24487,-15.79701],[-48.24375,-15.79727],[-48.24278,-15.79751],[-48.24255,-15.79862],[-48.242,-15.79953],[-48.24099,-15.79911],[-48.24045,-15.79843],[-48.24068,-15.79718],[-48.24104,-15.79599],[-48.24117,-15.79486],[-48.24119,-15.79365],[-48.24086,-15.79259],[-48.24053,-15.79355],[-48.23926,-15.79341],[-48.23864,-15.79279],[-48.23808,-15.79171],[-48.23758,-15.79084],[-48.23699,-15.7895],[-48.23706,-15.78832],[-48.23756,-15.78751],[-48.2379,-15.78661],[-48.23757,-15.78563],[-48.23695,-15.78502],[-48.2356,-15.785],[-48.2346,-15.78465],[-48.23347,-15.78446],[-48.23257,-15.7841],[-48.23239,-15.78305],[-48.23265,-15.7821],[-48.23307,-15.78125],[-48.23262,-15.78039],[-48.2324,-15.77939],[-48.23201,-15.77848],[-48.23098,-15.77796],[-48.2282,-15.77695],[-48.21609,-15.76886],[-48.21351,-15.76668],[-48.21269,-15.76323],[-48.2067,-15.75505],[-48.20561,-15.75034],[-48.20344,-15.75038],[-48.19994,-15.74989],[-48.19675,-15.74944],[-48.19327,-15.74859],[-48.18951,-15.74722],[-48.1888,-15.74666],[-48.1871,-15.74628],[-48.18531,-15.74645],[-48.18348,-15.74726],[-48.182,-15.748],[-48.18092,-15.74863],[-48.17936,-15.74967],[-48.178,-15.75045],[-48.17692,-15.75115],[-48.17591,-15.75182],[-48.17511,-15.75274],[-48.17409,-15.7523],[-48.17403,-15.75112],[-48.17307,-15.75068],[-48.17164,-15.75107],[-48.17087,-15.75153],[-48.17019,-15.75209],[-48.16931,-15.7526],[-48.16843,-15.75296],[-48.16736,-15.75328],[-48.16689,-15.7543],[-48.16628,-15.75504],[-48.1654,-15.75547],[-48.16484,-15.75623],[-48.1639,-15.75668],[-48.16307,-15.75743],[-48.16242,-15.75806],[-48.16173,-15.75861],[-48.16121,-15.75941],[-48.16051,-15.76019],[-48.15983,-15.76072],[-48.15951,-15.76172],[-48.15911,-15.76279],[-48.15881,-15.76371],[-48.15762,-15.76419],[-48.15817,-15.76487],[-48.15804,-15.76613],[-48.15788,-15.76717],[-48.15696,-15.76747],[-48.15582,-15.76756],[-48.15466,-15.76775],[-48.15342,-15.76779],[-48.15241,-15.768],[-48.15122,-15.76802],[-48.15024,-15.76829],[-48.14943,-15.76872],[-48.14846,-15.76901],[-48.14751,-15.76869],[-48.14631,-15.7687],[-48.1448,-15.76862],[-48.14392,-15.76817],[-48.14279,-15.76827],[-48.1418,-15.76797],[-48.14075,-15.76774],[-48.13956,-15.76801],[-48.13846,-15.76813],[-48.13767,-15.76772],[-48.13667,-15.76802],[-48.13559,-15.76783],[-48.13453,-15.76837],[-48.13426,-15.76932],[-48.13347,-15.76974],[-48.13221,-15.76967],[-48.13216,-15.77088],[-48.13129,-15.77134],[-48.13016,-15.77101],[-48.12912,-15.77024],[-48.12849,-15.76959],[-48.12722,-15.76975],[-48.12625,-15.76947],[-48.12566,-15.76881],[-48.12507,-15.76961],[-48.12398,-15.76993],[-48.12291,-15.76959],[-48.12203,-15.77],[-48.12101,-15.7702],[-48.12043,-15.77093],[-48.11922,-15.77073],[-48.11819,-15.77091],[-48.11722,-15.77115],[-48.116,-15.7711],[-48.11497,-15.77135],[-48.1138,-15.77123],[-48.11279,-15.77082],[-48.11192,-15.77044]]]]}},{"type":"Feature","id":22,"properties":{"id":22,"nome":"Fercal","roman":"XXXI"},"geometry":{"type":"MultiPolygon","coordinates":[[[[-47.7718,-15.50276],[-47.77105,-15.50325],[-47.77111,-15.5044],[-47.77088,-15.50543],[-47.77044,-15.5064],[-47.77033,-15.50762],[-47.77015,-15.50864],[-47.77094,-15.50913],[-47.77143,-15.50842],[-47.77175,-15.50937],[-47.7711,-15.50997],[-47.77167,-15.51066],[-47.77251,-15.51114],[-47.77239,-15.51225],[-47.7718,-15.51291],[-47.77141,-15.51375],[-47.77194,-15.51444],[-47.77296,-15.51463],[-47.77411,-15.51469],[-47.77296,-15.51498],[-47.77185,-15.51473],[-47.7724,-15.51539],[-47.77184,-15.5161],[-47.77094,-15.51572],[-47.7706,-15.51664],[-47.76992,-15.5172],[-47.76875,-15.51726],[-47.76816,-15.51803],[-47.76796,-15.51914],[-47.76736,-15.51978],[-47.76787,-15.52058],[-47.76665,-15.52057],[-47.7657,-15.52089],[-47.76498,-15.52038],[-47.76452,-15.5196],[-47.76399,-15.5203],[-47.76314,-15.51989],[-47.76216,-15.52012],[-47.7615,-15.52066],[-47.76155,-15.52185],[-47.76163,-15.523],[-47.76225,-15.52359],[-47.76247,-15.52473],[-47.76304,-15.52407],[-47.76371,-15.52467],[-47.76384,-15.52579],[-47.76393,-15.52691],[-47.76459,-15.52751],[-47.76621,-15.52743],[-47.76724,-15.52704],[-47.76843,-15.52663],[-47.7698,-15.52657],[-47.77086,-15.52692],[-47.7722,-15.52783],[-47.77316,-15.52853],[-47.77467,-15.52924],[-47.77588,-15.52953],[-47.77764,-15.52954],[-47.78003,-15.52907],[-47.78097,-15.52873],[-47.78242,-15.52807],[-47.78354,-15.52758],[-47.78697,-15.52615],[-47.7888,-15.52537],[-47.79053,-15.52461],[-47.7918,-15.52438],[-47.79502,-15.52466],[-47.79733,-15.52496],[-47.80094,-15.52544],[-47.80296,-15.52564],[-47.80465,-15.52546],[-47.80805,-15.52436],[-47.81,-15.52369],[-47.8114,-15.52341],[-47.8131,-15.5234],[-47.81501,-15.52378],[-47.81805,-15.52499],[-47.82082,-15.52609],[-47.82834,-15.52912],[-47.82944,-15.52956],[-47.83097,-15.53],[-47.83274,-15.53018],[-47.83407,-15.53018],[-47.83544,-15.53077],[-47.83593,-15.53219],[-47.83611,-15.53433],[-47.83624,-15.53584],[-47.83643,-15.53823],[-47.83654,-15.53966],[-47.83655,-15.54114],[-47.8364,-15.54269],[-47.83594,-15.54488],[-47.83566,-15.54614],[-47.83543,-15.54724],[-47.83541,-15.54871],[-47.83575,-15.54978],[-47.83903,-15.55436],[-47.8404,-15.55623],[-47.84097,-15.55701],[-47.84061,-15.55788],[-47.84085,-15.55886],[-47.84082,-15.56003],[-47.84037,-15.56087],[-47.8398,-15.56152],[-47.83909,-15.56205],[-47.83892,-15.56311],[-47.83905,-15.56421],[-47.83942,-15.5651],[-47.84013,-15.56564],[-47.84103,-15.56597],[-47.84092,-15.56706],[-47.84018,-15.56759],[-47.83997,-15.56859],[-47.83912,-15.56899],[-47.8393,-15.57006],[-47.83936,-15.57121],[-47.84015,-15.57165],[-47.84113,-15.57192],[-47.84185,-15.57243],[-47.84295,-15.57256],[-47.84355,-15.57317],[-47.8438,-15.57416],[-47.8435,-15.57514],[-47.84301,-15.57592],[-47.84261,-15.57674],[-47.84295,-15.57766],[-47.84344,-15.57845],[-47.84311,-15.57933],[-47.84317,-15.58049],[-47.84356,-15.58131],[-47.84378,-15.58229],[-47.84407,-15.58325],[-47.84394,-15.58435],[-47.84397,-15.58555],[-47.84393,-15.58673],[-47.84357,-15.58759],[-47.84285,-15.58809],[-47.84199,-15.58845],[-47.84095,-15.58901],[-47.84187,-15.58929],[-47.84265,-15.58973],[-47.84234,-15.59072],[-47.84155,-15.59113],[-47.84049,-15.59153],[-47.83929,-15.59209],[-47.83796,-15.59267],[-47.83712,-15.5931],[-47.83659,-15.59402],[-47.83624,-15.59555],[-47.83605,-15.59705],[-47.83582,-15.59835],[-47.83701,-15.59836],[-47.83785,-15.59873],[-47.83887,-15.59852],[-47.84001,-15.5986],[-47.8411,-15.59841],[-47.84157,-15.59762],[-47.84208,-15.59691],[-47.84262,-15.59619],[-47.8431,-15.59547],[-47.84429,-15.59548],[-47.84481,-15.59618],[-47.84569,-15.59654],[-47.84665,-15.59627],[-47.84765,-15.59606],[-47.84842,-15.5965],[-47.84912,-15.59702],[-47.84986,-15.59656],[-47.85105,-15.59652],[-47.8518,-15.59698],[-47.85253,-15.59745],[-47.8536,-15.59759],[-47.85449,-15.59792],[-47.85568,-15.59796],[-47.85646,-15.59753],[-47.85702,-15.59828],[-47.85755,-15.599],[-47.85849,-15.59927],[-47.85845,-15.60043],[-47.85795,-15.60116],[-47.85836,-15.60199],[-47.85905,-15.6025],[-47.86021,-15.60245],[-47.86094,-15.60196],[-47.86193,-15.60175],[-47.86286,-15.60203],[-47.86252,-15.60291],[-47.86216,-15.60375],[-47.86168,-15.60448],[-47.86183,-15.60555],[-47.86167,-15.60662],[-47.86154,-15.60772],[-47.86164,-15.60884],[-47.86073,-15.60917],[-47.86047,-15.61013],[-47.86097,-15.61085],[-47.86133,-15.61173],[-47.86147,-15.6128],[-47.86216,-15.61334],[-47.86251,-15.61421],[-47.8631,-15.61486],[-47.86364,-15.61554],[-47.86425,-15.61615],[-47.86502,-15.61658],[-47.86566,-15.6172],[-47.86591,-15.61815],[-47.8657,-15.61916],[-47.86525,-15.62006],[-47.86647,-15.62012],[-47.86742,-15.61965],[-47.86818,-15.61874],[-47.86864,-15.61794],[-47.8688,-15.61688],[-47.86891,-15.61568],[-47.86907,-15.61412],[-47.86947,-15.61319],[-47.87034,-15.61235],[-47.87053,-15.61343],[-47.87148,-15.61389],[-47.87256,-15.61401],[-47.87346,-15.61369],[-47.87441,-15.61397],[-47.8751,-15.61452],[-47.87581,-15.61506],[-47.87644,-15.61572],[-47.87664,-15.61673],[-47.87781,-15.61664],[-47.87911,-15.61636],[-47.8802,-15.61606],[-47.88116,-15.61636],[-47.8821,-15.61668],[-47.88294,-15.61711],[-47.88378,-15.61753],[-47.88607,-15.61615],[-47.88631,-15.61518],[-47.88663,-15.61424],[-47.88692,-15.61333],[-47.88728,-15.61243],[-47.88774,-15.61149],[-47.88831,-15.61078],[-47.88895,-15.61012],[-47.88964,-15.60949],[-47.89031,-15.6089],[-47.8913,-15.60863],[-47.89203,-15.60808],[-47.89178,-15.60704],[-47.8921,-15.60615],[-47.89156,-15.60547],[-47.89156,-15.60423],[-47.89112,-15.6034],[-47.89065,-15.60232],[-47.89049,-15.60125],[-47.88991,-15.60048],[-47.88988,-15.59931],[-47.88936,-15.59862],[-47.88896,-15.5977],[-47.88867,-15.59674],[-47.88808,-15.5961],[-47.8877,-15.59504],[-47.88757,-15.59391],[-47.8869,-15.59447],[-47.88686,-15.59325],[-47.88579,-15.59343],[-47.88504,-15.59296],[-47.88598,-15.59259],[-47.88756,-15.59282],[-47.88899,-15.59331],[-47.89055,-15.59319],[-47.89453,-15.59093],[-47.89556,-15.59035],[-47.89684,-15.59046],[-47.89764,-15.5911],[-47.8988,-15.59203],[-47.89964,-15.5927],[-47.90038,-15.59328],[-47.90138,-15.59374],[-47.90256,-15.59383],[-47.90398,-15.59354],[-47.90772,-15.59261],[-47.90987,-15.59208],[-47.91347,-15.59119],[-47.91456,-15.59084],[-47.91784,-15.58971],[-47.9198,-15.58908],[-47.92098,-15.58868],[-47.92261,-15.58814],[-47.92478,-15.58743],[-47.926,-15.58688],[-47.92675,-15.58639],[-47.92752,-15.5857],[-47.92849,-15.58467],[-47.92988,-15.58324],[-47.93092,-15.58218],[-47.93155,-15.58159],[-47.93233,-15.58109],[-47.93344,-15.58037],[-47.93426,-15.57987],[-47.93503,-15.57935],[-47.93587,-15.57859],[-47.93641,-15.5779],[-47.93691,-15.57693],[-47.93734,-15.57559],[-47.93764,-15.57453],[-47.93799,-15.57358],[-47.93881,-15.57318],[-47.93973,-15.57346],[-47.94086,-15.57385],[-47.94236,-15.57439],[-47.94343,-15.57469],[-47.94485,-15.57433],[-47.94577,-15.57379],[-47.94666,-15.57332],[-47.9476,-15.57392],[-47.94815,-15.57475],[-47.94922,-15.57529],[-47.9502,-15.57562],[-47.95123,-15.57531],[-47.95197,-15.57424],[-47.95322,-15.57228],[-47.95387,-15.57128],[-47.95437,-15.57036],[-47.95479,-15.56909],[-47.95532,-15.56731],[-47.95576,-15.56581],[-47.95556,-15.56456],[-47.95465,-15.56342],[-47.95402,-15.56266],[-47.95321,-15.56171],[-47.95264,-15.56106],[-47.95182,-15.56009],[-47.95108,-15.55917],[-47.95078,-15.55822],[-47.95107,-15.5569],[-47.95152,-15.55561],[-47.95189,-15.55455],[-47.95206,-15.55344],[-47.95157,-15.55263],[-47.95088,-15.55193],[-47.95041,-15.55118],[-47.95124,-15.54982],[-47.95226,-15.54879],[-47.95309,-15.54797],[-47.95371,-15.54737],[-47.9545,-15.54658],[-47.95529,-15.54578],[-47.95609,-15.54496],[-47.95667,-15.54423],[-47.95761,-15.54305],[-47.95819,-15.54236],[-47.95915,-15.54156],[-47.96025,-15.54097],[-47.96156,-15.54027],[-47.96256,-15.53975],[-47.96368,-15.53888],[-47.96478,-15.53796],[-47.96541,-15.53737],[-47.96588,-15.53616],[-47.96638,-15.53439],[-47.96665,-15.53331],[-47.967,-15.53215],[-47.96769,-15.53134],[-47.96885,-15.53074],[-47.96982,-15.53019],[-47.9704,-15.52944],[-47.97036,-15.52809],[-47.96969,-15.52685],[-47.96918,-15.52589],[-47.96906,-15.52469],[-47.96968,-15.52383],[-47.97055,-15.52294],[-47.9719,-15.5216],[-47.97262,-15.52088],[-47.97331,-15.52007],[-47.97349,-15.51891],[-47.97343,-15.51775],[-47.97333,-15.51593],[-47.97328,-15.5147],[-47.97336,-15.51351],[-47.97357,-15.51231],[-47.97394,-15.51112],[-47.97402,-15.50981],[-47.97398,-15.50841],[-47.974,-15.5072],[-47.97427,-15.50601],[-47.97466,-15.50488],[-47.97519,-15.50382],[-47.97563,-15.50297],[-47.77207,-15.50237],[-47.7718,-15.50276]]]]}},{"type":"Feature","id":23,"properties":{"id":23,"nome":"Taguatinga","roman":"III"},"geometry":{"type":"MultiPolygon","coordinates":[[[[-48.0458,-15.75893],[-48.04552,-15.76016],[-48.04528,-15.76123],[-48.04511,-15.7624],[-48.04488,-15.76514],[-48.04488,-15.76653],[-48.045,-15.76893],[-48.04516,-15.7704],[-48.04551,-15.77241],[-48.0459,-15.77399],[-48.04633,-15.77539],[-48.04667,-15.77633],[-48.04771,-15.77883],[-48.049,-15.78174],[-48.04956,-15.78302],[-48.05056,-15.78532],[-48.05116,-15.78668],[-48.05156,-15.7877],[-48.05206,-15.78904],[-48.05253,-15.79013],[-48.05295,-15.79107],[-48.05344,-15.79221],[-48.0517,-15.79189],[-48.05214,-15.79265],[-48.05263,-15.79387],[-48.05292,-15.79508],[-48.05319,-15.79602],[-48.05358,-15.79754],[-48.05407,-15.7985],[-48.05508,-15.80165],[-48.05548,-15.8027],[-48.05591,-15.80383],[-48.05636,-15.8047],[-48.05621,-15.80582],[-48.0551,-15.80662],[-48.05431,-15.80707],[-48.05515,-15.80751],[-48.05631,-15.8081],[-48.05587,-15.80921],[-48.0554,-15.81036],[-48.05497,-15.81138],[-48.05477,-15.81251],[-48.05486,-15.81419],[-48.05411,-15.81543],[-48.05391,-15.8171],[-48.05347,-15.81883],[-48.05316,-15.82014],[-48.05289,-15.82131],[-48.05253,-15.82279],[-48.05215,-15.82414],[-48.05183,-15.8251],[-48.05395,-15.827],[-48.05352,-15.82782],[-48.05308,-15.82869],[-48.05246,-15.82935],[-48.05163,-15.82985],[-48.05101,-15.83051],[-48.05046,-15.8316],[-48.05005,-15.83242],[-48.04969,-15.83331],[-48.04942,-15.83477],[-48.04891,-15.83575],[-48.0456,-15.83422],[-48.04392,-15.83734],[-48.04189,-15.84113],[-48.03955,-15.84551],[-48.03745,-15.84942],[-48.03685,-15.85052],[-48.0331,-15.84896],[-48.03248,-15.85088],[-48.03185,-15.85235],[-48.03148,-15.85331],[-48.03111,-15.85429],[-48.03056,-15.85572],[-48.03006,-15.85669],[-48.02948,-15.85778],[-48.02897,-15.8587],[-48.03021,-15.85933],[-48.02826,-15.86293],[-48.02633,-15.86648],[-48.02552,-15.868],[-48.03062,-15.87054],[-48.02977,-15.87213],[-48.02895,-15.87359],[-48.02776,-15.87591],[-48.02897,-15.87575],[-48.03091,-15.87546],[-48.03288,-15.8752],[-48.0347,-15.87493],[-48.03638,-15.87467],[-48.03837,-15.8744],[-48.0396,-15.87424],[-48.04118,-15.87398],[-48.04237,-15.87382],[-48.04385,-15.87383],[-48.04499,-15.87409],[-48.04617,-15.87456],[-48.04745,-15.87539],[-48.04699,-15.87456],[-48.04533,-15.87345],[-48.04073,-15.87037],[-48.03747,-15.86819],[-48.03992,-15.86363],[-48.04368,-15.86338],[-48.04424,-15.86234],[-48.04472,-15.86145],[-48.04555,-15.86078],[-48.04624,-15.86012],[-48.04742,-15.85948],[-48.0485,-15.85891],[-48.0493,-15.85769],[-48.04979,-15.8569],[-48.05005,-15.85593],[-48.05236,-15.85636],[-48.05381,-15.85695],[-48.05477,-15.85667],[-48.05631,-15.85733],[-48.05801,-15.85779],[-48.05895,-15.85818],[-48.06006,-15.85845],[-48.06126,-15.8587],[-48.06258,-15.85816],[-48.06395,-15.85743],[-48.06493,-15.85657],[-48.06551,-15.85593],[-48.06602,-15.85506],[-48.06663,-15.85371],[-48.06738,-15.85281],[-48.06764,-15.85162],[-48.06906,-15.85194],[-48.07014,-15.85106],[-48.07079,-15.85014],[-48.07132,-15.84939],[-48.07175,-15.84858],[-48.0731,-15.84739],[-48.07435,-15.84783],[-48.07511,-15.84615],[-48.0753,-15.8448],[-48.07535,-15.84361],[-48.07642,-15.84377],[-48.07712,-15.84435],[-48.07777,-15.84504],[-48.07876,-15.8454],[-48.07961,-15.84593],[-48.0808,-15.84613],[-48.08167,-15.84658],[-48.08272,-15.8469],[-48.08348,-15.84759],[-48.08391,-15.84848],[-48.08445,-15.84924],[-48.08532,-15.84989],[-48.08613,-15.85054],[-48.08707,-15.85085],[-48.08805,-15.8505],[-48.08998,-15.84684],[-48.0907,-15.84592],[-48.09087,-15.84474],[-48.09086,-15.84287],[-48.09071,-15.84171],[-48.09189,-15.84189],[-48.0933,-15.83773],[-48.09209,-15.83727],[-48.09002,-15.83654],[-48.08787,-15.83587],[-48.08824,-15.83485],[-48.08866,-15.83377],[-48.08902,-15.83285],[-48.08936,-15.83195],[-48.08986,-15.83063],[-48.0902,-15.82975],[-48.09054,-15.82885],[-48.09088,-15.82796],[-48.09124,-15.82701],[-48.09169,-15.82585],[-48.09216,-15.82478],[-48.09264,-15.82354],[-48.0931,-15.82236],[-48.09262,-15.82156],[-48.09291,-15.82034],[-48.09313,-15.81912],[-48.09359,-15.81793],[-48.09395,-15.81698],[-48.09466,-15.81579],[-48.09509,-15.81488],[-48.09563,-15.81372],[-48.09612,-15.81271],[-48.09667,-15.8117],[-48.09817,-15.80964],[-48.09967,-15.80764],[-48.10094,-15.80598],[-48.10173,-15.80537],[-48.1025,-15.80453],[-48.1033,-15.80367],[-48.10469,-15.80219],[-48.10556,-15.80125],[-48.10674,-15.79994],[-48.1076,-15.79884],[-48.10845,-15.79944],[-48.11072,-15.79677],[-48.11242,-15.79452],[-48.11171,-15.79401],[-48.11059,-15.79341],[-48.11003,-15.79263],[-48.1095,-15.79188],[-48.10894,-15.79111],[-48.10841,-15.79036],[-48.10726,-15.7905],[-48.10683,-15.78969],[-48.10591,-15.7891],[-48.10526,-15.78847],[-48.10468,-15.78758],[-48.10403,-15.78688],[-48.10328,-15.78642],[-48.10311,-15.78538],[-48.10288,-15.7844],[-48.10323,-15.78214],[-48.10352,-15.78119],[-48.10281,-15.78055],[-48.10267,-15.77945],[-48.1025,-15.77842],[-48.10309,-15.77758],[-48.10344,-15.77671],[-48.10376,-15.77567],[-48.10484,-15.77537],[-48.10537,-15.7746],[-48.10546,-15.77341],[-48.10616,-15.77288],[-48.10681,-15.77195],[-48.108,-15.77191],[-48.10923,-15.77177],[-48.11018,-15.77141],[-48.11133,-15.77118],[-48.11192,-15.77044],[-48.1108,-15.77018],[-48.11004,-15.76965],[-48.10923,-15.76926],[-48.1079,-15.7693],[-48.10695,-15.76881],[-48.10633,-15.76816],[-48.10544,-15.76779],[-48.10373,-15.76721],[-48.10267,-15.76685],[-48.10135,-15.76621],[-48.10042,-15.76576],[-48.09929,-15.76534],[-48.09824,-15.76562],[-48.0972,-15.76586],[-48.09631,-15.76527],[-48.09507,-15.76518],[-48.09385,-15.76458],[-48.09283,-15.76409],[-48.09204,-15.76364],[-48.09061,-15.76297],[-48.08971,-15.7625],[-48.08902,-15.76193],[-48.08799,-15.76159],[-48.08682,-15.76101],[-48.08592,-15.76062],[-48.0852,-15.76006],[-48.08392,-15.75988],[-48.0829,-15.75934],[-48.0817,-15.75934],[-48.08095,-15.75881],[-48.08026,-15.75824],[-48.07924,-15.75788],[-48.07773,-15.75745],[-48.07676,-15.75717],[-48.0758,-15.75783],[-48.07488,-15.75814],[-48.07381,-15.75846],[-48.07277,-15.75897],[-48.07164,-15.75868],[-48.06925,-15.75935],[-48.0685,-15.75886],[-48.06765,-15.75807],[-48.06675,-15.75728],[-48.06621,-15.75646],[-48.06585,-15.75544],[-48.06566,-15.75422],[-48.06614,-15.75338],[-48.06648,-15.75221],[-48.06708,-15.75151],[-48.06679,-15.75034],[-48.06764,-15.74975],[-48.06784,-15.74865],[-48.06833,-15.74792],[-48.06856,-15.74683],[-48.06979,-15.74569],[-48.07035,-15.74501],[-48.0712,-15.74305],[-48.07196,-15.74185],[-48.07223,-15.74062],[-48.07246,-15.73939],[-48.07296,-15.73861],[-48.07351,-15.73795],[-48.07312,-15.73697],[-48.07152,-15.73682],[-48.07049,-15.73702],[-48.06901,-15.73724],[-48.06726,-15.73749],[-48.06403,-15.73797],[-48.0619,-15.7385],[-48.06093,-15.73884],[-48.05824,-15.74003],[-48.0574,-15.7405],[-48.05635,-15.74119],[-48.05551,-15.74179],[-48.05403,-15.74301],[-48.05267,-15.7444],[-48.05208,-15.74513],[-48.05134,-15.74615],[-48.05062,-15.74712],[-48.04995,-15.7483],[-48.04851,-15.75155],[-48.04762,-15.75371],[-48.04721,-15.7547],[-48.04661,-15.75618],[-48.04607,-15.75787],[-48.0458,-15.75893]]]]}},{"type":"Feature","id":24,"properties":{"id":24,"nome":"Sol Nascente /  Pôr do Sol","roman":"XXXII"},"geometry":{"type":"MultiPolygon","coordinates":[[[[-48.1636,-15.79501],[-48.15915,-15.8095],[-48.15801,-15.81024],[-48.15624,-15.80973],[-48.15546,-15.81041],[-48.15472,-15.8097],[-48.15386,-15.80922],[-48.15148,-15.80853],[-48.14849,-15.80879],[-48.14636,-15.8085],[-48.14471,-15.80921],[-48.14342,-15.80934],[-48.14238,-15.80961],[-48.14146,-15.81002],[-48.13924,-15.80979],[-48.13761,-15.80931],[-48.13662,-15.80978],[-48.13609,-15.81145],[-48.1355,-15.81299],[-48.13488,-15.81461],[-48.1333,-15.81452],[-48.13267,-15.81615],[-48.13161,-15.81578],[-48.13097,-15.81742],[-48.13149,-15.81813],[-48.13125,-15.81969],[-48.12883,-15.81883],[-48.12838,-15.81958],[-48.12766,-15.82147],[-48.12671,-15.824],[-48.12484,-15.825],[-48.12428,-15.82581],[-48.12409,-15.8269],[-48.12396,-15.82805],[-48.12283,-15.82762],[-48.12121,-15.82645],[-48.12046,-15.82721],[-48.11975,-15.82814],[-48.11925,-15.82889],[-48.11801,-15.82816],[-48.11753,-15.82901],[-48.117,-15.8297],[-48.11648,-15.83039],[-48.11593,-15.8311],[-48.1154,-15.83179],[-48.11588,-15.83341],[-48.11635,-15.83419],[-48.11802,-15.8354],[-48.12002,-15.83683],[-48.12219,-15.83837],[-48.12389,-15.83704],[-48.12607,-15.83829],[-48.12701,-15.83896],[-48.12822,-15.83972],[-48.12966,-15.84077],[-48.1304,-15.84143],[-48.13042,-15.84262],[-48.12984,-15.84333],[-48.1281,-15.84551],[-48.12715,-15.84676],[-48.12563,-15.84874],[-48.12467,-15.85002],[-48.12269,-15.8526],[-48.12078,-15.85511],[-48.11895,-15.85435],[-48.11618,-15.85239],[-48.11524,-15.85171],[-48.11341,-15.85042],[-48.11195,-15.85236],[-48.1109,-15.85373],[-48.11043,-15.85574],[-48.10993,-15.85647],[-48.10933,-15.85716],[-48.10859,-15.85771],[-48.10811,-15.85852],[-48.10761,-15.85927],[-48.10807,-15.86009],[-48.10863,-15.86084],[-48.10938,-15.86165],[-48.10986,-15.86241],[-48.10943,-15.86323],[-48.11,-15.8646],[-48.11036,-15.86549],[-48.11064,-15.86648],[-48.11157,-15.8669],[-48.1124,-15.86739],[-48.11342,-15.86767],[-48.11453,-15.86758],[-48.11567,-15.86735],[-48.11666,-15.86764],[-48.11747,-15.86704],[-48.11852,-15.86724],[-48.11948,-15.86696],[-48.12054,-15.86669],[-48.12088,-15.86574],[-48.12236,-15.86612],[-48.12358,-15.86653],[-48.12414,-15.8672],[-48.12508,-15.86692],[-48.12586,-15.86642],[-48.12659,-15.86588],[-48.12744,-15.86548],[-48.12848,-15.86528],[-48.12913,-15.86461],[-48.13018,-15.8641],[-48.13098,-15.86455],[-48.13166,-15.86392],[-48.13229,-15.86311],[-48.13336,-15.86377],[-48.13451,-15.86416],[-48.1356,-15.864],[-48.13659,-15.86376],[-48.13747,-15.86333],[-48.1382,-15.8626],[-48.13926,-15.86246],[-48.14009,-15.86193],[-48.14098,-15.86158],[-48.14193,-15.86117],[-48.14286,-15.86031],[-48.14346,-15.85946],[-48.14407,-15.85885],[-48.14513,-15.85869],[-48.1456,-15.85784],[-48.14607,-15.85699],[-48.14723,-15.85709],[-48.1478,-15.85638],[-48.14852,-15.85587],[-48.1498,-15.85587],[-48.15004,-15.8548],[-48.15083,-15.85429],[-48.15196,-15.85422],[-48.15304,-15.85435],[-48.15356,-15.85504],[-48.15465,-15.85477],[-48.15565,-15.85454],[-48.15682,-15.85475],[-48.15804,-15.85487],[-48.15906,-15.8545],[-48.15975,-15.85386],[-48.16038,-15.85326],[-48.1612,-15.85277],[-48.1624,-15.85274],[-48.16306,-15.8522],[-48.16382,-15.85173],[-48.16438,-15.85258],[-48.165,-15.85318],[-48.1662,-15.85315],[-48.16731,-15.85284],[-48.16858,-15.85301],[-48.16892,-15.85396],[-48.17015,-15.85413],[-48.17114,-15.85455],[-48.17185,-15.85533],[-48.17325,-15.85537],[-48.17421,-15.85563],[-48.17483,-15.85626],[-48.17532,-15.857],[-48.17583,-15.8562],[-48.17604,-15.85511],[-48.17654,-15.85439],[-48.17675,-15.85323],[-48.17708,-15.85229],[-48.17687,-15.85115],[-48.17741,-15.85017],[-48.17761,-15.84901],[-48.17802,-15.84806],[-48.17874,-15.84737],[-48.17978,-15.84677],[-48.18103,-15.84582],[-48.1818,-15.84539],[-48.1828,-15.84513],[-48.18396,-15.84508],[-48.18512,-15.845],[-48.18588,-15.84452],[-48.18641,-15.84359],[-48.18607,-15.84236],[-48.18653,-15.84156],[-48.18678,-15.84057],[-48.1871,-15.83958],[-48.18788,-15.83915],[-48.18868,-15.83851],[-48.18917,-15.83738],[-48.18993,-15.83653],[-48.18969,-15.83529],[-48.1891,-15.83466],[-48.18874,-15.83373],[-48.18861,-15.83266],[-48.1881,-15.83168],[-48.18784,-15.83046],[-48.18733,-15.82939],[-48.18685,-15.82849],[-48.18653,-15.82757],[-48.18593,-15.82666],[-48.18519,-15.82577],[-48.18469,-15.82474],[-48.184,-15.82414],[-48.18382,-15.82303],[-48.18322,-15.82205],[-48.18384,-15.82143],[-48.18441,-15.82071],[-48.1846,-15.81968],[-48.18492,-15.81879],[-48.18529,-15.81775],[-48.18612,-15.81699],[-48.18641,-15.81599],[-48.18709,-15.8152],[-48.18798,-15.81471],[-48.18913,-15.81457],[-48.18971,-15.8138],[-48.19028,-15.81303],[-48.19085,-15.81198],[-48.191,-15.81093],[-48.19118,-15.80967],[-48.19102,-15.80847],[-48.1909,-15.80737],[-48.19013,-15.80692],[-48.18983,-15.80581],[-48.18949,-15.80486],[-48.18906,-15.80351],[-48.18876,-15.80246],[-48.18846,-15.80144],[-48.18849,-15.80023],[-48.18871,-15.79912],[-48.18856,-15.79801],[-48.18568,-15.79887],[-48.18465,-15.79912],[-48.18321,-15.79923],[-48.1819,-15.7991],[-48.18042,-15.79872],[-48.17458,-15.79703],[-48.17276,-15.79646],[-48.17176,-15.79618],[-48.16814,-15.79519],[-48.16661,-15.79476],[-48.16394,-15.79396],[-48.1636,-15.79501]]]]}},{"type":"Feature","id":25,"properties":{"id":25,"nome":"Arniqueira","roman":"XXXIII"},"geometry":{"type":"MultiPolygon","coordinates":[[[[-48.00957,-15.84399],[-48.00915,-15.84493],[-48.00819,-15.84708],[-48.00739,-15.84782],[-48.007,-15.84868],[-48.00645,-15.84992],[-48.00535,-15.84979],[-48.00421,-15.8493],[-48.00313,-15.84887],[-48.00195,-15.84831],[-48.00103,-15.84695],[-47.99987,-15.84642],[-47.99924,-15.84782],[-47.99876,-15.84865],[-47.99964,-15.84946],[-48.00046,-15.85024],[-47.99997,-15.85107],[-47.99863,-15.85238],[-47.998,-15.85303],[-47.9974,-15.85371],[-47.99679,-15.8544],[-47.99609,-15.85501],[-47.99558,-15.85629],[-47.99484,-15.85684],[-47.99387,-15.85728],[-47.99326,-15.85787],[-47.99253,-15.85858],[-47.99155,-15.85954],[-47.99088,-15.86019],[-47.9899,-15.86051],[-47.98796,-15.86242],[-47.98678,-15.86429],[-47.98777,-15.86511],[-47.98925,-15.8655],[-47.99195,-15.86622],[-47.99143,-15.86802],[-47.99219,-15.86856],[-47.99387,-15.869],[-47.99341,-15.87076],[-47.99326,-15.87224],[-47.99297,-15.87331],[-47.99252,-15.87488],[-47.99215,-15.87629],[-47.99417,-15.87671],[-47.99619,-15.87688],[-47.99832,-15.87706],[-48.00004,-15.87722],[-48.00124,-15.87734],[-48.00318,-15.87752],[-48.0046,-15.87762],[-48.00851,-15.87796],[-48.01076,-15.87815],[-48.01192,-15.87822],[-48.01329,-15.87813],[-48.01433,-15.87797],[-48.01556,-15.8778],[-48.01683,-15.87761],[-48.01814,-15.87743],[-48.01931,-15.87726],[-48.02093,-15.87705],[-48.02206,-15.87689],[-48.02324,-15.87672],[-48.02484,-15.87645],[-48.02598,-15.87617],[-48.02776,-15.87591],[-48.02861,-15.8742],[-48.02977,-15.87213],[-48.03054,-15.87067],[-48.02552,-15.868],[-48.02633,-15.86648],[-48.02826,-15.86293],[-48.0302,-15.85933],[-48.02912,-15.85878],[-48.02948,-15.85778],[-48.03006,-15.85669],[-48.03056,-15.85572],[-48.0309,-15.85486],[-48.03148,-15.85331],[-48.03185,-15.85235],[-48.03244,-15.85097],[-48.03292,-15.84971],[-48.02783,-15.84736],[-48.0265,-15.84679],[-48.02541,-15.84641],[-48.02437,-15.84597],[-48.0232,-15.84549],[-48.02224,-15.84516],[-48.02097,-15.84465],[-48.02,-15.84424],[-48.01898,-15.84381],[-48.01806,-15.84343],[-48.01718,-15.84305],[-48.01624,-15.84267],[-48.0152,-15.84236],[-48.01415,-15.84211],[-48.0131,-15.84186],[-48.01151,-15.84137],[-48.01013,-15.84276],[-48.00957,-15.84399]]]]}},{"type":"Feature","id":26,"properties":{"id":26,"nome":"Sudoeste /  Octogonal","roman":"XXII"},"geometry":{"type":"MultiPolygon","coordinates":[[[[-47.9292,-15.78017],[-47.9268,-15.78092],[-47.92527,-15.7814],[-47.92336,-15.78199],[-47.92125,-15.78266],[-47.91968,-15.78316],[-47.9176,-15.78381],[-47.91635,-15.78421],[-47.91453,-15.78478],[-47.91442,-15.78643],[-47.91197,-15.78721],[-47.91055,-15.78765],[-47.90939,-15.78819],[-47.90908,-15.79028],[-47.91013,-15.79339],[-47.91047,-15.79438],[-47.9108,-15.79536],[-47.91119,-15.79653],[-47.91257,-15.79626],[-47.91334,-15.79711],[-47.91365,-15.79809],[-47.91431,-15.79894],[-47.91512,-15.79941],[-47.91595,-15.79989],[-47.91671,-15.80033],[-47.91856,-15.80139],[-47.91937,-15.80186],[-47.92078,-15.80251],[-47.92208,-15.80324],[-47.92384,-15.80427],[-47.92469,-15.80474],[-47.92576,-15.80533],[-47.92662,-15.80583],[-47.92748,-15.80631],[-47.92888,-15.80696],[-47.93008,-15.80734],[-47.93138,-15.80778],[-47.93235,-15.80811],[-47.93359,-15.80856],[-47.93483,-15.80914],[-47.93578,-15.80947],[-47.93699,-15.80989],[-47.93828,-15.81035],[-47.93953,-15.81077],[-47.94054,-15.811],[-47.94194,-15.81107],[-47.9441,-15.81076],[-47.94514,-15.81059],[-47.94682,-15.8104],[-47.9484,-15.81015],[-47.94786,-15.80631],[-47.94736,-15.80377],[-47.94681,-15.80202],[-47.94618,-15.80015],[-47.94504,-15.80052],[-47.94341,-15.80103],[-47.94167,-15.80159],[-47.94041,-15.80232],[-47.93963,-15.80334],[-47.93818,-15.80552],[-47.93754,-15.80648],[-47.936,-15.80552],[-47.93449,-15.80457],[-47.9332,-15.80376],[-47.93282,-15.8021],[-47.93241,-15.80116],[-47.93301,-15.80024],[-47.9334,-15.79923],[-47.9335,-15.79764],[-47.93347,-15.7961],[-47.93349,-15.7946],[-47.93346,-15.79254],[-47.93314,-15.79147],[-47.93228,-15.78895],[-47.93184,-15.78769],[-47.93133,-15.78622],[-47.93069,-15.78436],[-47.93023,-15.78303],[-47.92965,-15.78127],[-47.92932,-15.78032],[-47.9292,-15.78017]]]]}},{"type":"Feature","id":27,"properties":{"id":27,"nome":"Varjão","roman":"XXIII"},"geometry":{"type":"MultiPolygon","coordinates":[[[[-47.8681,-15.71646],[-47.86968,-15.71951],[-47.87041,-15.71886],[-47.87123,-15.71833],[-47.87196,-15.71783],[-47.87277,-15.71736],[-47.87363,-15.71686],[-47.87461,-15.71651],[-47.87483,-15.71549],[-47.87594,-15.71537],[-47.87694,-15.71516],[-47.8774,-15.7144],[-47.87824,-15.71403],[-47.87834,-15.71292],[-47.87864,-15.71197],[-47.87965,-15.71218],[-47.88056,-15.71188],[-47.88137,-15.71148],[-47.88232,-15.7112],[-47.88326,-15.71092],[-47.88415,-15.7106],[-47.88475,-15.70996],[-47.8857,-15.70968],[-47.8866,-15.70937],[-47.88755,-15.70909],[-47.88839,-15.70872],[-47.88938,-15.70812],[-47.88994,-15.70726],[-47.89115,-15.70751],[-47.8919,-15.70702],[-47.89075,-15.70604],[-47.88869,-15.70447],[-47.88568,-15.70218],[-47.88474,-15.70147],[-47.88155,-15.70483],[-47.87688,-15.70744],[-47.8752,-15.70726],[-47.87231,-15.70798],[-47.87158,-15.70954],[-47.87408,-15.71135],[-47.87374,-15.71226],[-47.87159,-15.71312],[-47.87078,-15.71354],[-47.87051,-15.71461],[-47.87123,-15.71554],[-47.8681,-15.71646]]]]}},{"type":"Feature","id":28,"properties":{"id":28,"nome":"Núcleo Bandeirante","roman":"VIII"},"geometry":{"type":"MultiPolygon","coordinates":[[[[-47.95455,-15.84839],[-47.95508,-15.85174],[-47.95604,-15.85769],[-47.95646,-15.86027],[-47.95687,-15.86291],[-47.95767,-15.86785],[-47.95832,-15.87193],[-47.95874,-15.87455],[-47.95905,-15.87649],[-47.96109,-15.87646],[-47.96214,-15.87741],[-47.9623,-15.87847],[-47.96394,-15.87893],[-47.96393,-15.88031],[-47.96548,-15.8806],[-47.96694,-15.88061],[-47.96813,-15.88063],[-47.96887,-15.87939],[-47.97079,-15.87938],[-47.97075,-15.88073],[-47.97075,-15.88253],[-47.96706,-15.88294],[-47.9645,-15.88295],[-47.96335,-15.88283],[-47.96232,-15.88245],[-47.96104,-15.88226],[-47.96102,-15.88375],[-47.96226,-15.88367],[-47.96379,-15.88367],[-47.96531,-15.88366],[-47.97079,-15.88363],[-47.97332,-15.88363],[-47.97455,-15.88361],[-47.97563,-15.88349],[-47.97689,-15.88298],[-47.97765,-15.88242],[-47.97829,-15.88174],[-47.97884,-15.88085],[-47.97928,-15.87997],[-47.97979,-15.87901],[-47.98012,-15.8778],[-47.98151,-15.87799],[-47.98283,-15.87796],[-47.98395,-15.87806],[-47.98495,-15.87767],[-47.98603,-15.87752],[-47.98735,-15.87759],[-47.98883,-15.87792],[-47.99018,-15.87798],[-47.9915,-15.87803],[-47.9929,-15.87819],[-47.99388,-15.87848],[-47.99468,-15.87899],[-47.99551,-15.8796],[-47.99691,-15.87981],[-47.99855,-15.87978],[-47.99997,-15.87988],[-48.00048,-15.87727],[-47.9991,-15.87713],[-47.9967,-15.87692],[-47.99486,-15.87677],[-47.99264,-15.87656],[-47.99109,-15.87641],[-47.98985,-15.87629],[-47.98711,-15.87607],[-47.98592,-15.87596],[-47.9845,-15.8758],[-47.98343,-15.87553],[-47.97895,-15.87336],[-47.97823,-15.87174],[-47.9778,-15.87081],[-47.97739,-15.86988],[-47.9771,-15.86865],[-47.97705,-15.86741],[-47.97726,-15.86625],[-47.97767,-15.86517],[-47.97642,-15.86533],[-47.97574,-15.86594],[-47.97502,-15.86658],[-47.97359,-15.86674],[-47.97182,-15.86695],[-47.97048,-15.8671],[-47.96931,-15.866],[-47.96918,-15.86486],[-47.96771,-15.86502],[-47.96616,-15.8652],[-47.96496,-15.86534],[-47.96411,-15.86474],[-47.96347,-15.86533],[-47.96265,-15.8649],[-47.96155,-15.86446],[-47.96071,-15.86408],[-47.9597,-15.86357],[-47.96072,-15.86229],[-47.96194,-15.86139],[-47.96268,-15.86089],[-47.96171,-15.85422],[-47.96076,-15.85383],[-47.95895,-15.8541],[-47.95678,-15.85444],[-47.95626,-15.85312],[-47.95592,-15.85098],[-47.9557,-15.84962],[-47.95548,-15.84825],[-47.95455,-15.84839]]]]}},{"type":"Feature","id":29,"properties":{"id":29,"nome":"Cruzeiro","roman":"XI"},"geometry":{"type":"MultiPolygon","coordinates":[[[[-47.93818,-15.80552],[-47.93963,-15.80334],[-47.94013,-15.80262],[-47.94123,-15.80176],[-47.94303,-15.80116],[-47.94466,-15.80064],[-47.94618,-15.80015],[-47.94117,-15.78513],[-47.93856,-15.77739],[-47.93714,-15.77768],[-47.9361,-15.778],[-47.93502,-15.77834],[-47.93389,-15.7787],[-47.93252,-15.77913],[-47.93023,-15.77985],[-47.92927,-15.78015],[-47.92965,-15.78127],[-47.93023,-15.78303],[-47.93069,-15.78436],[-47.93103,-15.78539],[-47.93184,-15.78769],[-47.93228,-15.78895],[-47.93314,-15.79147],[-47.93346,-15.79254],[-47.93349,-15.7946],[-47.93347,-15.7961],[-47.9335,-15.79764],[-47.93347,-15.79891],[-47.9332,-15.79992],[-47.93266,-15.80078],[-47.93281,-15.80195],[-47.93293,-15.80304],[-47.93449,-15.80457],[-47.93537,-15.80512],[-47.93729,-15.80633],[-47.93818,-15.80552]]]]}},{"type":"Feature","id":30,"properties":{"id":30,"nome":"Lago Norte","roman":"XVIII"},"geometry":{"type":"MultiPolygon","coordinates":[[[[-47.87547,-15.69389],[-47.87541,-15.69626],[-47.87376,-15.69539],[-47.87095,-15.69398],[-47.86875,-15.69288],[-47.86758,-15.69229],[-47.86357,-15.69039],[-47.86273,-15.69001],[-47.86187,-15.68958],[-47.86091,-15.68895],[-47.86006,-15.68846],[-47.85808,-15.68922],[-47.85726,-15.68965],[-47.85429,-15.69123],[-47.85272,-15.69207],[-47.85155,-15.69253],[-47.85039,-15.69276],[-47.8489,-15.69285],[-47.84755,-15.69285],[-47.84585,-15.69284],[-47.84466,-15.69286],[-47.84334,-15.69286],[-47.83888,-15.69288],[-47.83757,-15.69297],[-47.83585,-15.6934],[-47.83497,-15.69384],[-47.83412,-15.69428],[-47.83311,-15.69498],[-47.83123,-15.69628],[-47.83006,-15.69708],[-47.82858,-15.6981],[-47.82737,-15.69894],[-47.8251,-15.70047],[-47.82349,-15.70157],[-47.82275,-15.70207],[-47.82086,-15.70338],[-47.81862,-15.70492],[-47.81423,-15.70792],[-47.81133,-15.70991],[-47.80996,-15.71086],[-47.8091,-15.71146],[-47.80545,-15.71394],[-47.80402,-15.71492],[-47.80115,-15.71689],[-47.80027,-15.7175],[-47.79878,-15.71853],[-47.79698,-15.71975],[-47.79422,-15.72165],[-47.79333,-15.72229],[-47.79232,-15.72319],[-47.79153,-15.72421],[-47.79107,-15.72503],[-47.79056,-15.72626],[-47.79007,-15.72751],[-47.78952,-15.72902],[-47.78874,-15.73093],[-47.78835,-15.73194],[-47.78771,-15.73362],[-47.78687,-15.73579],[-47.78589,-15.73829],[-47.78415,-15.74277],[-47.79091,-15.74571],[-47.79151,-15.74807],[-47.78629,-15.74943],[-47.78701,-15.75219],[-47.78522,-15.75233],[-47.78498,-15.75404],[-47.78469,-15.75595],[-47.78641,-15.75769],[-47.78545,-15.75811],[-47.78493,-15.75968],[-47.78396,-15.76003],[-47.78454,-15.7607],[-47.7866,-15.76134],[-47.78802,-15.76151],[-47.7895,-15.76151],[-47.79167,-15.76121],[-47.79405,-15.76083],[-47.7962,-15.76049],[-47.8002,-15.75987],[-47.80169,-15.75964],[-47.80333,-15.75938],[-47.80492,-15.75913],[-47.80678,-15.75883],[-47.80783,-15.7586],[-47.80917,-15.75786],[-47.81011,-15.75739],[-47.81135,-15.75729],[-47.81241,-15.75771],[-47.81224,-15.75949],[-47.81154,-15.76027],[-47.81069,-15.76113],[-47.80945,-15.7624],[-47.80887,-15.76304],[-47.8085,-15.76394],[-47.80871,-15.76507],[-47.80925,-15.76574],[-47.81003,-15.76653],[-47.81085,-15.76735],[-47.81218,-15.76871],[-47.81269,-15.76946],[-47.81309,-15.77056],[-47.81319,-15.77201],[-47.81295,-15.773],[-47.81202,-15.77469],[-47.81134,-15.77578],[-47.8107,-15.77681],[-47.80982,-15.7782],[-47.809,-15.7795],[-47.80821,-15.78073],[-47.80766,-15.78139],[-47.80659,-15.78242],[-47.80576,-15.78348],[-47.80533,-15.78433],[-47.80499,-15.78566],[-47.80457,-15.78666],[-47.80375,-15.78727],[-47.80256,-15.78738],[-47.80166,-15.787],[-47.80075,-15.78643],[-47.80007,-15.78585],[-47.79946,-15.78506],[-47.79865,-15.78368],[-47.79789,-15.78275],[-47.79709,-15.78207],[-47.79627,-15.7816],[-47.79519,-15.78122],[-47.79383,-15.78104],[-47.79245,-15.78117],[-47.7909,-15.78139],[-47.78902,-15.78164],[-47.78786,-15.7818],[-47.78679,-15.78196],[-47.78712,-15.78285],[-47.7874,-15.78394],[-47.78778,-15.78532],[-47.78822,-15.78645],[-47.78863,-15.7875],[-47.78894,-15.78848],[-47.78907,-15.7899],[-47.78939,-15.78879],[-47.79005,-15.78941],[-47.79062,-15.79007],[-47.79206,-15.79004],[-47.7929,-15.79043],[-47.79428,-15.79073],[-47.79373,-15.78986],[-47.79464,-15.78957],[-47.79497,-15.78863],[-47.79576,-15.78935],[-47.79664,-15.78968],[-47.79726,-15.79034],[-47.79816,-15.78998],[-47.79915,-15.78971],[-47.8003,-15.78966],[-47.80115,-15.78922],[-47.80243,-15.78919],[-47.8035,-15.78891],[-47.80441,-15.78847],[-47.80542,-15.7881],[-47.8064,-15.78758],[-47.80687,-15.7868],[-47.80648,-15.78579],[-47.8069,-15.785],[-47.80802,-15.78401],[-47.80865,-15.7831],[-47.80927,-15.78248],[-47.80988,-15.78185],[-47.81068,-15.7805],[-47.81095,-15.77927],[-47.81209,-15.77845],[-47.81279,-15.7779],[-47.81371,-15.77719],[-47.81428,-15.77655],[-47.81512,-15.77607],[-47.81583,-15.77555],[-47.81662,-15.77512],[-47.81727,-15.77423],[-47.8174,-15.77314],[-47.81743,-15.77172],[-47.81757,-15.77001],[-47.81769,-15.76887],[-47.81813,-15.76761],[-47.81855,-15.76608],[-47.81887,-15.76515],[-47.81822,-15.76441],[-47.81727,-15.76475],[-47.81619,-15.76462],[-47.81526,-15.76432],[-47.81425,-15.7641],[-47.81529,-15.76291],[-47.8161,-15.76211],[-47.81708,-15.76134],[-47.81766,-15.76072],[-47.81897,-15.76016],[-47.81954,-15.75946],[-47.81974,-15.75824],[-47.81936,-15.75687],[-47.81899,-15.75596],[-47.81848,-15.75524],[-47.81784,-15.75422],[-47.81727,-15.75349],[-47.81655,-15.7523],[-47.81613,-15.7515],[-47.81566,-15.75075],[-47.81667,-15.75107],[-47.81768,-15.75136],[-47.81855,-15.75175],[-47.81939,-15.75227],[-47.82018,-15.75269],[-47.82127,-15.75234],[-47.82184,-15.75162],[-47.82192,-15.75048],[-47.82147,-15.74961],[-47.82157,-15.74836],[-47.82215,-15.74768],[-47.82308,-15.7472],[-47.82362,-15.74631],[-47.82406,-15.74555],[-47.82482,-15.74508],[-47.82574,-15.74466],[-47.82696,-15.74458],[-47.82771,-15.74405],[-47.82815,-15.74323],[-47.82882,-15.74263],[-47.82977,-15.74299],[-47.83029,-15.74373],[-47.83078,-15.74289],[-47.83165,-15.74251],[-47.83223,-15.74187],[-47.83259,-15.741],[-47.83384,-15.74119],[-47.83489,-15.74152],[-47.83562,-15.74203],[-47.83563,-15.74084],[-47.83638,-15.7402],[-47.83657,-15.73903],[-47.83631,-15.73797],[-47.83568,-15.73729],[-47.8367,-15.73691],[-47.83748,-15.73647],[-47.83853,-15.73567],[-47.83838,-15.73458],[-47.83924,-15.73423],[-47.8402,-15.73493],[-47.84166,-15.73497],[-47.84285,-15.73494],[-47.84397,-15.73481],[-47.84446,-15.73403],[-47.8455,-15.73361],[-47.84621,-15.73297],[-47.84675,-15.7317],[-47.84718,-15.73089],[-47.84737,-15.72985],[-47.84818,-15.72942],[-47.84909,-15.729],[-47.84999,-15.7287],[-47.85081,-15.72827],[-47.85188,-15.72842],[-47.85169,-15.7272],[-47.85208,-15.72824],[-47.8526,-15.72746],[-47.8537,-15.72735],[-47.85438,-15.7267],[-47.85517,-15.72616],[-47.85593,-15.72549],[-47.85666,-15.72497],[-47.85745,-15.72443],[-47.85906,-15.7245],[-47.85932,-15.72551],[-47.85909,-15.72652],[-47.85831,-15.72714],[-47.85748,-15.72757],[-47.85687,-15.72824],[-47.85614,-15.72873],[-47.8574,-15.72819],[-47.85815,-15.72751],[-47.85915,-15.72682],[-47.8599,-15.72563],[-47.86022,-15.7247],[-47.86081,-15.72396],[-47.86174,-15.72354],[-47.86087,-15.72408],[-47.86029,-15.72486],[-47.85988,-15.72603],[-47.85942,-15.72682],[-47.86025,-15.72641],[-47.86088,-15.72574],[-47.86035,-15.72649],[-47.85968,-15.72703],[-47.85827,-15.72765],[-47.85758,-15.72824],[-47.85849,-15.72778],[-47.85776,-15.72828],[-47.85881,-15.72804],[-47.85787,-15.72884],[-47.8569,-15.72932],[-47.85617,-15.72984],[-47.85577,-15.73071],[-47.85427,-15.73101],[-47.85334,-15.73136],[-47.85309,-15.73252],[-47.85246,-15.73321],[-47.85149,-15.73405],[-47.8508,-15.73472],[-47.84983,-15.73528],[-47.84923,-15.736],[-47.84862,-15.7366],[-47.84802,-15.73722],[-47.84734,-15.73778],[-47.84598,-15.73823],[-47.84493,-15.73856],[-47.84398,-15.73929],[-47.84342,-15.74005],[-47.84255,-15.74114],[-47.84148,-15.74277],[-47.84081,-15.74354],[-47.84013,-15.74422],[-47.83934,-15.74471],[-47.83844,-15.74507],[-47.83689,-15.74546],[-47.83567,-15.74574],[-47.83476,-15.74621],[-47.83377,-15.74665],[-47.83297,-15.74714],[-47.83199,-15.74766],[-47.83121,-15.74824],[-47.83037,-15.74878],[-47.82958,-15.74922],[-47.82885,-15.74975],[-47.82807,-15.75045],[-47.82752,-15.75129],[-47.82825,-15.7526],[-47.82884,-15.75334],[-47.82978,-15.75469],[-47.82986,-15.75596],[-47.82948,-15.75698],[-47.82884,-15.75784],[-47.82814,-15.75853],[-47.82736,-15.75899],[-47.82709,-15.76005],[-47.82731,-15.76112],[-47.82768,-15.76195],[-47.82807,-15.76289],[-47.82823,-15.76418],[-47.82835,-15.7658],[-47.82859,-15.76701],[-47.82889,-15.76806],[-47.82908,-15.76933],[-47.82953,-15.77024],[-47.82998,-15.77099],[-47.83049,-15.77183],[-47.83104,-15.77288],[-47.83186,-15.77338],[-47.83312,-15.77339],[-47.83399,-15.77268],[-47.83462,-15.77207],[-47.83496,-15.77113],[-47.83456,-15.77009],[-47.83461,-15.76883],[-47.83509,-15.76749],[-47.83556,-15.76661],[-47.83599,-15.76566],[-47.83674,-15.76517],[-47.83745,-15.76458],[-47.8392,-15.764],[-47.84036,-15.76343],[-47.84099,-15.76243],[-47.84192,-15.76129],[-47.84261,-15.76077],[-47.84349,-15.76037],[-47.84453,-15.76005],[-47.84514,-15.75945],[-47.84508,-15.75824],[-47.84538,-15.75682],[-47.84577,-15.756],[-47.84625,-15.75512],[-47.84741,-15.75421],[-47.84823,-15.75378],[-47.84925,-15.75317],[-47.85034,-15.75269],[-47.85109,-15.75203],[-47.8518,-15.75125],[-47.85325,-15.7505],[-47.85417,-15.7501],[-47.8552,-15.74961],[-47.85642,-15.74934],[-47.8575,-15.74892],[-47.85832,-15.74851],[-47.85914,-15.74803],[-47.86027,-15.74793],[-47.86184,-15.74766],[-47.86278,-15.74733],[-47.86315,-15.74641],[-47.8636,-15.74529],[-47.86416,-15.74448],[-47.86535,-15.74363],[-47.86619,-15.74319],[-47.86714,-15.74271],[-47.86839,-15.7425],[-47.86939,-15.74227],[-47.87059,-15.74197],[-47.87148,-15.74155],[-47.87234,-15.74111],[-47.87298,-15.74048],[-47.87349,-15.73977],[-47.87419,-15.73891],[-47.87491,-15.73842],[-47.87549,-15.73779],[-47.87597,-15.73707],[-47.87636,-15.73625],[-47.87655,-15.73523],[-47.87715,-15.73459],[-47.87765,-15.73381],[-47.87799,-15.7329],[-47.87859,-15.73225],[-47.87921,-15.73165],[-47.87966,-15.73089],[-47.8805,-15.73046],[-47.88126,-15.73002],[-47.88233,-15.72988],[-47.88306,-15.72937],[-47.88386,-15.72895],[-47.88499,-15.72888],[-47.8859,-15.72922],[-47.88707,-15.72917],[-47.88801,-15.72946],[-47.88922,-15.72955],[-47.89034,-15.72964],[-47.89146,-15.72972],[-47.89253,-15.72958],[-47.89354,-15.72938],[-47.89408,-15.73006],[-47.89488,-15.72965],[-47.89526,-15.72873],[-47.8962,-15.72844],[-47.89686,-15.72784],[-47.89782,-15.72751],[-47.89887,-15.72735],[-47.8999,-15.72753],[-47.90083,-15.72781],[-47.90199,-15.72775],[-47.90285,-15.7274],[-47.9039,-15.7272],[-47.90471,-15.72762],[-47.90589,-15.72759],[-47.90683,-15.72786],[-47.90801,-15.72778],[-47.90859,-15.7284],[-47.90963,-15.72856],[-47.91085,-15.72856],[-47.91196,-15.72841],[-47.913,-15.7286],[-47.91362,-15.728],[-47.91464,-15.72821],[-47.9158,-15.72807],[-47.91667,-15.72766],[-47.91767,-15.72739],[-47.91849,-15.72698],[-47.91928,-15.72653],[-47.91998,-15.72599],[-47.92095,-15.72566],[-47.92161,-15.72503],[-47.92222,-15.72443],[-47.92197,-15.72347],[-47.92159,-15.72265],[-47.92199,-15.72183],[-47.92231,-15.72092],[-47.9226,-15.71992],[-47.92312,-15.7192],[-47.92315,-15.71803],[-47.92326,-15.71692],[-47.92276,-15.71569],[-47.9221,-15.71243],[-47.92182,-15.71041],[-47.92053,-15.70494],[-47.92007,-15.70297],[-47.91909,-15.70119],[-47.91721,-15.69778],[-47.91484,-15.69348],[-47.91315,-15.69592],[-47.91141,-15.69529],[-47.91077,-15.69445],[-47.91026,-15.69373],[-47.90839,-15.69347],[-47.90701,-15.69484],[-47.90547,-15.69639],[-47.90211,-15.69479],[-47.89904,-15.69326],[-47.89685,-15.69216],[-47.89514,-15.69131],[-47.89261,-15.69005],[-47.88741,-15.68745],[-47.88344,-15.68546],[-47.88151,-15.68449],[-47.87843,-15.68295],[-47.87594,-15.67958],[-47.87587,-15.68174],[-47.87576,-15.68511],[-47.87562,-15.68934],[-47.87547,-15.69389]],[[-47.89142,-15.70737],[-47.89007,-15.7073],[-47.8892,-15.70775],[-47.88877,-15.70853],[-47.88798,-15.70898],[-47.88689,-15.70912],[-47.88609,-15.70953],[-47.88514,-15.70984],[-47.88439,-15.71032],[-47.88354,-15.71069],[-47.88274,-15.71111],[-47.88186,-15.71146],[-47.88074,-15.71138],[-47.88019,-15.71204],[-47.87907,-15.71192],[-47.87822,-15.7123],[-47.87818,-15.71348],[-47.87767,-15.71423],[-47.87714,-15.71495],[-47.8762,-15.71524],[-47.87534,-15.7156],[-47.87451,-15.71615],[-47.87388,-15.71674],[-47.87309,-15.71723],[-47.87212,-15.71779],[-47.87123,-15.71833],[-47.87041,-15.71886],[-47.86973,-15.71941],[-47.8681,-15.71646],[-47.87081,-15.71568],[-47.87051,-15.71461],[-47.87078,-15.71354],[-47.87159,-15.71312],[-47.87341,-15.71257],[-47.87408,-15.71135],[-47.87158,-15.70954],[-47.87231,-15.70798],[-47.8752,-15.70726],[-47.87688,-15.70744],[-47.88155,-15.70483],[-47.88449,-15.70178],[-47.88568,-15.70218],[-47.88869,-15.70447],[-47.89075,-15.70604],[-47.89198,-15.70697],[-47.89142,-15.70737]]]]}},{"type":"Feature","id":31,"properties":{"id":31,"nome":"SCIA","roman":"XXV"},"geometry":{"type":"MultiPolygon","coordinates":[[[[-48.00445,-15.75486],[-48.00362,-15.75544],[-48.00239,-15.75683],[-48.00151,-15.75776],[-48.0003,-15.75904],[-47.99941,-15.76006],[-47.99846,-15.76107],[-47.99715,-15.76247],[-47.99594,-15.76377],[-47.99313,-15.76679],[-47.99221,-15.76778],[-47.9909,-15.76918],[-47.98878,-15.77146],[-47.98793,-15.77235],[-47.97998,-15.78079],[-47.97857,-15.78228],[-47.97734,-15.78209],[-47.97645,-15.78253],[-47.97555,-15.78352],[-47.97481,-15.78431],[-47.9742,-15.78497],[-47.9734,-15.78584],[-47.97263,-15.78668],[-47.97054,-15.78892],[-47.96972,-15.78981],[-47.9688,-15.79076],[-47.96799,-15.79167],[-47.9674,-15.79231],[-47.96609,-15.7938],[-47.96692,-15.79432],[-47.96796,-15.79451],[-47.96885,-15.79482],[-47.96989,-15.79536],[-47.97126,-15.79517],[-47.97229,-15.79468],[-47.9733,-15.79413],[-47.9743,-15.79357],[-47.97705,-15.79205],[-47.97826,-15.7914],[-47.97924,-15.79092],[-47.98027,-15.79043],[-47.98187,-15.78974],[-47.98279,-15.78937],[-47.98447,-15.78877],[-47.98643,-15.78813],[-47.98839,-15.7876],[-47.98947,-15.78733],[-47.99057,-15.7871],[-47.99167,-15.78688],[-47.99313,-15.78665],[-47.99464,-15.78646],[-47.99606,-15.78632],[-47.99733,-15.78623],[-47.99877,-15.78617],[-48.00011,-15.78615],[-48.00145,-15.78617],[-48.00286,-15.78623],[-48.00333,-15.78542],[-48.004,-15.78481],[-48.00401,-15.78358],[-48.00438,-15.78273],[-48.00463,-15.78176],[-48.00515,-15.78096],[-48.00557,-15.78015],[-48.00583,-15.77909],[-48.00611,-15.77802],[-48.00607,-15.77659],[-48.00666,-15.77553],[-48.00653,-15.77436],[-48.00638,-15.77289],[-48.0062,-15.77167],[-48.00617,-15.77019],[-48.00667,-15.76942],[-48.00675,-15.76821],[-48.00654,-15.76691],[-48.00685,-15.76582],[-48.00727,-15.76491],[-48.00711,-15.76381],[-48.00715,-15.7624],[-48.00663,-15.7617],[-48.00656,-15.76045],[-48.00628,-15.75951],[-48.00544,-15.75903],[-48.00507,-15.75789],[-48.00473,-15.75475],[-48.00445,-15.75486]]]]}},{"type":"Feature","id":32,"properties":{"id":32,"nome":"Itapoã","roman":"XXVIII"},"geometry":{"type":"MultiPolygon","coordinates":[[[[-47.76185,-15.71331],[-47.76151,-15.71431],[-47.76039,-15.71487],[-47.75939,-15.71521],[-47.75879,-15.71602],[-47.75825,-15.71673],[-47.75768,-15.7174],[-47.75646,-15.7175],[-47.75582,-15.7181],[-47.75456,-15.71804],[-47.75326,-15.71888],[-47.75241,-15.71924],[-47.7518,-15.71989],[-47.75105,-15.72037],[-47.75045,-15.72142],[-47.74967,-15.72205],[-47.74895,-15.72255],[-47.74808,-15.72296],[-47.74773,-15.72396],[-47.74612,-15.72396],[-47.74518,-15.72423],[-47.74433,-15.72463],[-47.74385,-15.72558],[-47.74354,-15.7266],[-47.7429,-15.72737],[-47.74182,-15.72749],[-47.74089,-15.72789],[-47.7396,-15.72783],[-47.73838,-15.72777],[-47.73725,-15.72786],[-47.73633,-15.72757],[-47.73579,-15.72691],[-47.73469,-15.72677],[-47.73368,-15.72658],[-47.73259,-15.72643],[-47.73173,-15.72678],[-47.73068,-15.72701],[-47.72998,-15.7278],[-47.72924,-15.72835],[-47.7285,-15.72779],[-47.72732,-15.72769],[-47.72649,-15.72731],[-47.72544,-15.72711],[-47.72449,-15.7268],[-47.72313,-15.72683],[-47.72189,-15.7267],[-47.72091,-15.72635],[-47.72014,-15.72575],[-47.71932,-15.72534],[-47.71853,-15.72594],[-47.71803,-15.72699],[-47.71692,-15.72709],[-47.71591,-15.72734],[-47.71478,-15.7276],[-47.7139,-15.72807],[-47.71269,-15.72804],[-47.71148,-15.72756],[-47.71071,-15.72694],[-47.70956,-15.72726],[-47.70831,-15.72715],[-47.70716,-15.72688],[-47.70603,-15.72702],[-47.70486,-15.72696],[-47.70406,-15.72654],[-47.70305,-15.72674],[-47.70265,-15.72759],[-47.70214,-15.72835],[-47.701,-15.72823],[-47.70055,-15.72745],[-47.69907,-15.72716],[-47.69788,-15.72727],[-47.69688,-15.72701],[-47.6959,-15.72666],[-47.69518,-15.72617],[-47.69416,-15.72594],[-47.69301,-15.72585],[-47.69216,-15.72622],[-47.69115,-15.72644],[-47.68983,-15.72687],[-47.689,-15.72757],[-47.6885,-15.72843],[-47.6877,-15.72901],[-47.6869,-15.72949],[-47.68606,-15.73004],[-47.68516,-15.7304],[-47.68411,-15.73103],[-47.68316,-15.73146],[-47.68262,-15.73226],[-47.68158,-15.73249],[-47.681,-15.73323],[-47.68027,-15.7338],[-47.67909,-15.73393],[-47.67855,-15.73308],[-47.67784,-15.73255],[-47.6772,-15.73192],[-47.67648,-15.73245],[-47.67547,-15.73269],[-47.67458,-15.73306],[-47.67529,-15.73373],[-47.67629,-15.73416],[-47.67752,-15.73412],[-47.67885,-15.73497],[-47.67967,-15.7355],[-47.68064,-15.73575],[-47.68275,-15.7358],[-47.68398,-15.73581],[-47.68642,-15.73584],[-47.68769,-15.7359],[-47.68904,-15.73613],[-47.69028,-15.7365],[-47.69207,-15.73736],[-47.69312,-15.7379],[-47.69462,-15.73866],[-47.6961,-15.73942],[-47.6978,-15.74029],[-47.69885,-15.74083],[-47.69965,-15.74124],[-47.70051,-15.74168],[-47.70155,-15.7422],[-47.70236,-15.74262],[-47.7043,-15.74362],[-47.70548,-15.74439],[-47.70674,-15.74529],[-47.7076,-15.74588],[-47.70834,-15.74641],[-47.70977,-15.74742],[-47.71239,-15.74927],[-47.7134,-15.74998],[-47.71447,-15.75073],[-47.7159,-15.75175],[-47.71734,-15.75277],[-47.7183,-15.75343],[-47.719,-15.75393],[-47.72115,-15.75549],[-47.72236,-15.75632],[-47.72342,-15.75706],[-47.72499,-15.75817],[-47.72656,-15.75927],[-47.72773,-15.76009],[-47.72944,-15.7613],[-47.7304,-15.76189],[-47.73158,-15.76246],[-47.73262,-15.7628],[-47.73363,-15.76301],[-47.73499,-15.76313],[-47.73638,-15.76304],[-47.73775,-15.76273],[-47.73883,-15.76235],[-47.73986,-15.76184],[-47.74131,-15.76096],[-47.74207,-15.76048],[-47.74372,-15.75948],[-47.74651,-15.75778],[-47.7481,-15.75678],[-47.7499,-15.75566],[-47.75137,-15.75474],[-47.7529,-15.75379],[-47.75403,-15.75312],[-47.75494,-15.75269],[-47.75623,-15.75226],[-47.75764,-15.75199],[-47.759,-15.75196],[-47.7602,-15.75207],[-47.7612,-15.75229],[-47.76217,-15.7526],[-47.76314,-15.75294],[-47.76413,-15.75331],[-47.76707,-15.75438],[-47.77038,-15.75558],[-47.77225,-15.75626],[-47.77451,-15.75709],[-47.77682,-15.75791],[-47.78097,-15.75943],[-47.78197,-15.75975],[-47.78382,-15.76044],[-47.78442,-15.75967],[-47.78517,-15.75811],[-47.78614,-15.75786],[-47.7855,-15.75591],[-47.78498,-15.75404],[-47.78522,-15.75233],[-47.78701,-15.75219],[-47.78629,-15.74943],[-47.79151,-15.74807],[-47.79091,-15.74571],[-47.78399,-15.7432],[-47.78589,-15.73829],[-47.78668,-15.73624],[-47.78771,-15.73362],[-47.78819,-15.73235],[-47.78874,-15.73093],[-47.78924,-15.72966],[-47.79007,-15.72751],[-47.78897,-15.7271],[-47.78648,-15.72621],[-47.78494,-15.72563],[-47.78405,-15.72531],[-47.78215,-15.72462],[-47.78135,-15.72397],[-47.77982,-15.72424],[-47.7786,-15.72444],[-47.77718,-15.72452],[-47.77592,-15.72444],[-47.77489,-15.72426],[-47.77387,-15.72398],[-47.77281,-15.7236],[-47.77192,-15.72314],[-47.77114,-15.72265],[-47.77021,-15.72192],[-47.76908,-15.72081],[-47.76821,-15.7199],[-47.7673,-15.71896],[-47.76661,-15.71827],[-47.76536,-15.71693],[-47.76449,-15.71601],[-47.7639,-15.71539],[-47.76293,-15.71437],[-47.76219,-15.71359],[-47.76185,-15.71331]]]]}}]}